comm_id,comm_size,comm_type,rank,root,time_stamp,comm_time(us),sendsize,sendcount,recvsize,recvcount,src,dst
1140850688,64,0,34,0,455.4611,80243.8050,4,1,0,0,-1,-1
1140850688,64,0,34,0,455.5441,4333.1350,4,1,0,0,-1,-1
1140850688,64,0,34,0,455.5486,10.6800,1,12,0,0,-1,-1
1140850688,64,0,34,0,455.5486,1532.5460,4,1,0,0,-1,-1
1140850688,64,0,34,0,455.5501,12.2000,1,1,0,0,-1,-1
1140850688,64,0,34,0,455.5501,20.4000,4,1,0,0,-1,-1
1140850688,64,0,34,0,455.5501,3.5200,1,25,0,0,-1,-1
1140850688,64,0,34,0,455.5502,2.7200,4,1,0,0,-1,-1
1140850688,64,0,34,0,455.5502,2.7400,1,22,0,0,-1,-1
1140850688,64,0,34,0,455.5502,8.1600,4,1,0,0,-1,-1
1140850688,64,0,34,0,455.5502,3.1800,1,1,0,0,-1,-1
1140850688,64,0,34,0,455.5502,3.1600,4,1,0,0,-1,-1
1140850688,64,0,34,0,455.5502,2.5400,1,21,0,0,-1,-1
1140850688,64,0,34,0,455.5502,56.9000,4,1,0,0,-1,-1
1140850688,64,0,34,0,455.5503,3.7200,1,23,0,0,-1,-1
1140850688,64,0,34,0,455.5503,2.6800,4,1,0,0,-1,-1
1140850688,64,0,34,0,455.5503,1.5800,1,22,0,0,-1,-1
1140850688,64,0,34,0,455.5504,5.4800,4,1,0,0,-1,-1
1140850688,64,0,34,0,455.5504,1.6000,1,22,0,0,-1,-1
1140850688,64,0,34,0,455.5504,2504.1490,4,1,0,0,-1,-1
1140850688,64,0,34,0,455.5529,6.6000,1,23,0,0,-1,-1
1140850688,64,0,34,0,455.5530,13.0200,4,1,0,0,-1,-1
1140850688,64,0,34,0,455.5530,0.9400,1,74,0,0,-1,-1
1140850688,64,0,34,0,455.5530,3.0600,4,1,0,0,-1,-1
1140850688,64,0,34,0,455.5530,3.3400,1,47,0,0,-1,-1
1140850688,64,0,34,0,455.5531,1.7600,4,1,0,0,-1,-1
1140850688,64,0,34,0,455.5531,0.6600,1,22,0,0,-1,-1
1140850688,64,0,34,0,455.5921,924.2230,4,1,0,0,-1,-1
1140850688,64,0,34,0,455.5930,2.9600,1,22,0,0,-1,-1
1140850688,64,7,34,-1,455.5931,3453.9120,0,0,0,0,-1,-1
1140850688,64,1,34,-1,455.5966,1098.8640,4,1,0,0,-1,-1
1140850688,64,1,34,-1,455.5982,6128.0220,8,1,0,0,-1,-1
1140850688,64,1,34,-1,455.6044,85.1200,4,1,0,0,-1,-1
1140850688,64,1,34,-1,455.6045,29.9810,8,1,0,0,-1,-1
1140850688,64,1,34,-1,455.6082,76.4800,4,1,0,0,-1,-1
1140850688,64,1,34,-1,455.6083,37.1800,4,1,0,0,-1,-1
1140850688,64,7,34,-1,455.6083,52.8400,0,0,0,0,-1,-1
1140850688,64,0,34,0,455.6084,398.3020,4,1,0,0,-1,-1
1140850688,64,0,34,0,455.6088,6.1600,1,1,0,0,-1,-1
1140850688,64,0,34,0,455.6088,7.3600,4,1,0,0,-1,-1
1140850688,64,0,34,0,455.6088,4.4200,1,26,0,0,-1,-1
1140850688,64,0,34,0,455.6089,51.8400,4,1,0,0,-1,-1
1140850688,64,0,34,0,455.6089,5.3200,1,50,0,0,-1,-1
1140850688,64,0,34,0,455.6090,54904.3740,4,1,0,0,-1,-1
1140850688,64,0,34,0,455.6639,3.3400,4,1,0,0,-1,-1
1140850688,64,0,34,0,455.6639,4.5400,8,1,0,0,-1,-1
1140850688,64,0,34,0,455.6639,4.1200,4,1,0,0,-1,-1
1140850688,64,0,34,0,455.6639,4.4600,8,1,0,0,-1,-1
1140850688,64,0,34,0,455.6639,16.1000,8,1,0,0,-1,-1
1140850688,64,0,34,0,455.6640,14.7810,4,1,0,0,-1,-1
1140850688,64,0,34,0,455.6640,3.0800,1,3,0,0,-1,-1
1140850688,64,0,34,0,455.6640,6.7800,8,1,0,0,-1,-1
1140850688,64,0,34,0,455.6640,976.3430,8,10001,0,0,-1,-1
1140850688,64,0,34,0,455.6650,365.0210,8,10001,0,0,-1,-1
1140850688,64,0,34,0,455.6654,567.6820,8,10001,0,0,-1,-1
1140850688,64,0,34,0,455.6659,3.9800,4,1,0,0,-1,-1
1140850688,64,0,34,0,455.6659,2.5000,1,24,0,0,-1,-1
1140850688,64,0,34,0,455.6661,14.7000,4,1,0,0,-1,-1
1140850688,64,0,34,0,455.6661,1.1800,1,42,0,0,-1,-1
1140850688,64,0,34,0,455.6661,1.9000,4,1,0,0,-1,-1
1140850688,64,0,34,0,455.6661,0.8200,1,1,0,0,-1,-1
1140850688,64,0,34,0,455.6661,0.7400,4,1,0,0,-1,-1
1140850688,64,0,34,0,455.6661,1.3200,1,20,0,0,-1,-1
1140850688,64,0,34,0,455.6661,46.3200,4,1,0,0,-1,-1
1140850688,64,0,34,0,455.6662,4.5200,1,69,0,0,-1,-1
1140850688,64,0,34,0,455.6663,8.9400,4,1,0,0,-1,-1
1140850688,64,0,34,0,455.6663,1.6400,1,1,0,0,-1,-1
1140850688,64,0,34,0,455.6663,1.0800,4,1,0,0,-1,-1
1140850688,64,0,34,0,455.6663,1.4800,1,53,0,0,-1,-1
1140850688,64,1,34,-1,455.6664,266.5410,4,1,0,0,-1,-1
1140850688,64,1,34,-1,455.6668,82.8000,8,1,0,0,-1,-1
1140850688,64,1,34,-1,455.6669,98.9200,4,1,0,0,-1,-1
1140850688,64,1,34,-1,455.6672,78.4600,4,1,0,0,-1,-1
1140850688,64,1,34,-1,455.6673,36.0800,4,1,0,0,-1,-1
1140850688,64,1,34,-1,455.6720,164.9610,8,1,0,0,-1,-1
1140850688,64,1,34,-1,455.6722,28.2600,8,1,0,0,-1,-1
1140850688,64,1,34,-1,455.6722,42.4400,8,3,0,0,-1,-1
1140850688,64,1,34,-1,455.6723,37.7200,8,1,0,0,-1,-1
1140850688,64,1,34,-1,455.6723,35.8400,8,1,0,0,-1,-1
1140850688,64,1,34,-1,455.6724,123.9210,8,3,0,0,-1,-1
1140850688,64,1,34,-1,455.6726,111.1200,8,3,0,0,-1,-1
1140850688,64,1,34,-1,455.6727,55.2410,8,9,0,0,-1,-1
1140850688,64,1,34,-1,455.6728,107.8000,8,1,0,0,-1,-1
1140850688,64,0,34,0,455.6729,21.9400,4,1,0,0,-1,-1
1140850688,64,0,34,0,455.6730,2.9400,1,30,0,0,-1,-1
1140850688,64,0,34,0,455.6731,24.4800,4,1,0,0,-1,-1
1140850688,64,0,34,0,455.6732,1.5600,1,73,0,0,-1,-1
1140850688,64,0,34,0,455.6732,2.8400,4,1,0,0,-1,-1
1140850688,64,0,34,0,455.6732,2.6600,1,30,0,0,-1,-1
1140850688,64,0,34,0,455.6732,2.7200,4,1,0,0,-1,-1
1140850688,64,0,34,0,455.6732,2.6600,1,38,0,0,-1,-1
1140850688,64,0,34,0,455.6733,6.3600,4,1,0,0,-1,-1
1140850688,64,0,34,0,455.6733,1.5000,1,1,0,0,-1,-1
1140850688,64,0,34,0,455.6733,1.2000,4,1,0,0,-1,-1
1140850688,64,0,34,0,455.6733,1.6800,1,31,0,0,-1,-1
1140850688,64,0,34,0,455.6733,0.6800,4,1,0,0,-1,-1
1140850688,64,0,34,0,455.6733,1.8600,1,37,0,0,-1,-1
1140850688,64,0,34,0,455.6733,4.1200,4,1,0,0,-1,-1
1140850688,64,0,34,0,455.6733,3.3600,1,1,0,0,-1,-1
1140850688,64,0,34,0,455.6733,4.6400,4,1,0,0,-1,-1
1140850688,64,0,34,0,455.6733,3.6800,1,21,0,0,-1,-1
1140850688,64,0,34,0,455.6733,3.6600,4,1,0,0,-1,-1
1140850688,64,0,34,0,455.6733,4.7400,1,51,0,0,-1,-1
1140850688,64,0,34,0,455.6733,4.1400,4,1,0,0,-1,-1
1140850688,64,0,34,0,455.6733,39.2210,1,128,0,0,-1,-1
1140850688,64,0,34,0,455.6735,30.9800,4,1,0,0,-1,-1
1140850688,64,0,34,0,455.6735,2.1800,1,8,0,0,-1,-1
1140850688,64,1,34,-1,455.6813,772.8430,4,1,0,0,-1,-1
1140850688,64,1,34,-1,455.6825,275.4410,4,1,0,0,-1,-1
1140850688,64,50,34,-1,455.6831,1406.8650,4,1,4,1,50,18
1140850688,64,50,34,-1,455.6845,1.9600,4,1,4,1,18,50
1140850688,64,55,34,-1,455.6850,912.7830,8,0,0,0,50,34
1140850688,64,51,34,-1,455.6859,400.1420,8,0,0,0,34,18
67108864,-1,100,34,-1,455.6863,760.0420,0,0,0,0,-1,-1
1140850688,64,55,34,-1,455.6870,1.1000,8,0,0,0,18,34
1140850688,64,51,34,-1,455.6870,3.0000,8,0,0,0,34,50
67108864,-1,100,34,-1,455.6870,0.3000,0,0,0,0,-1,-1
1140850688,64,50,34,-1,455.6871,93.4210,4,1,4,1,38,46
1140850688,64,50,34,-1,455.6871,13.8800,4,1,4,1,46,38
1140850688,64,55,34,-1,455.6872,0.6400,8,0,0,0,38,34
1140850688,64,51,34,-1,455.6872,0.9400,8,0,0,0,34,46
67108864,-1,100,34,-1,455.6872,0.8600,0,0,0,0,-1,-1
1140850688,64,55,34,-1,455.6872,0.4000,8,0,0,0,46,34
1140850688,64,51,34,-1,455.6872,0.8800,8,0,0,0,34,38
67108864,-1,100,34,-1,455.6872,5.1600,0,0,0,0,-1,-1
1140850688,64,50,34,-1,455.6872,42.4800,4,1,4,1,35,33
1140850688,64,50,34,-1,455.6872,33.5600,4,1,4,1,33,35
1140850688,64,55,34,-1,455.6873,0.3400,8,0,0,0,35,34
1140850688,64,51,34,-1,455.6873,0.7200,8,0,0,0,34,33
67108864,-1,100,34,-1,455.6873,2.2600,0,0,0,0,-1,-1
1140850688,64,55,34,-1,455.6873,0.1800,8,0,0,0,33,34
1140850688,64,51,34,-1,455.6873,0.6600,8,0,0,0,34,35
67108864,-1,100,34,-1,455.6873,0.8400,0,0,0,0,-1,-1
1140850688,64,50,34,-1,455.6874,70.1600,4,1,4,1,50,18
1140850688,64,55,34,-1,455.6875,1.0000,8,1200,0,0,50,34
1140850688,64,51,34,-1,455.6875,7.0400,8,1200,0,0,34,18
67108864,-1,100,34,-1,455.6875,955.4830,0,0,0,0,-1,-1
1140850688,64,50,34,-1,455.6885,3.8600,4,1,4,1,18,50
1140850688,64,55,34,-1,455.6885,0.4600,8,900,0,0,18,34
1140850688,64,51,34,-1,455.6885,4.1400,8,900,0,0,34,50
67108864,-1,100,34,-1,455.6885,40.6610,0,0,0,0,-1,-1
1140850688,64,50,34,-1,455.6886,11.5600,4,1,4,1,38,46
1140850688,64,55,34,-1,455.6886,0.6800,8,2040,0,0,38,34
1140850688,64,51,34,-1,455.6886,7.7400,8,2040,0,0,34,46
67108864,-1,100,34,-1,455.6886,106.8600,0,0,0,0,-1,-1
1140850688,64,50,34,-1,455.6887,3.3800,4,1,4,1,46,38
1140850688,64,55,34,-1,455.6887,0.3600,8,1530,0,0,46,34
1140850688,64,51,34,-1,455.6887,4.8600,8,1530,0,0,34,38
67108864,-1,100,34,-1,455.6888,17.2200,0,0,0,0,-1,-1
1140850688,64,50,34,-1,455.6888,4.9800,4,1,4,1,35,33
1140850688,64,55,34,-1,455.6888,0.5800,8,3468,0,0,35,34
1140850688,64,51,34,-1,455.6888,727.5220,8,3468,0,0,34,33
67108864,-1,100,34,-1,455.6896,2.2000,0,0,0,0,-1,-1
1140850688,64,50,34,-1,455.6896,9.0400,4,1,4,1,33,35
1140850688,64,55,34,-1,455.6896,1.7800,8,2598,0,0,33,34
1140850688,64,51,34,-1,455.6896,57.4410,8,2598,0,0,34,35
67108864,-1,100,34,-1,455.6897,0.8400,0,0,0,0,-1,-1
1140850688,64,55,34,-1,455.6914,2.9000,8,433,0,0,35,34
1140850688,64,51,34,-1,455.6914,20.0200,8,433,0,0,34,33
67108864,-1,100,34,-1,455.6914,20.0600,0,0,0,0,-1,-1
1140850688,64,55,34,-1,455.6915,0.5400,8,578,0,0,33,34
1140850688,64,51,34,-1,455.6915,8.7000,8,578,0,0,34,35
67108864,-1,100,34,-1,455.6915,113.3800,0,0,0,0,-1,-1
1140850688,64,55,34,-1,455.6916,0.3200,8,255,0,0,38,34
1140850688,64,51,34,-1,455.6916,4.0600,8,255,0,0,34,46
67108864,-1,100,34,-1,455.6916,161.4210,0,0,0,0,-1,-1
1140850688,64,55,34,-1,455.6917,1.6200,8,340,0,0,46,34
1140850688,64,51,34,-1,455.6917,2.5000,8,340,0,0,34,38
67108864,-1,100,34,-1,455.6918,0.1600,0,0,0,0,-1,-1
1140850688,64,55,34,-1,455.6918,0.3800,8,150,0,0,50,34
1140850688,64,51,34,-1,455.6918,6.8800,8,150,0,0,34,18
67108864,-1,100,34,-1,455.6918,0.4400,0,0,0,0,-1,-1
1140850688,64,55,34,-1,455.6918,0.2200,8,200,0,0,18,34
1140850688,64,51,34,-1,455.6918,2.2200,8,200,0,0,34,50
67108864,-1,100,34,-1,455.6918,191.1410,0,0,0,0,-1,-1
1140850688,64,55,34,-1,455.6920,0.7000,8,200,0,0,50,34
1140850688,64,51,34,-1,455.6920,2.0600,8,200,0,0,34,18
67108864,-1,100,34,-1,455.6920,0.4000,0,0,0,0,-1,-1
1140850688,64,55,34,-1,455.6920,0.4400,8,150,0,0,18,34
1140850688,64,51,34,-1,455.6920,1.4000,8,150,0,0,34,50
67108864,-1,100,34,-1,455.6920,32.7600,0,0,0,0,-1,-1
1140850688,64,55,34,-1,455.6920,0.2200,8,340,0,0,38,34
1140850688,64,51,34,-1,455.6920,1.7200,8,340,0,0,34,46
67108864,-1,100,34,-1,455.6920,11.5400,0,0,0,0,-1,-1
1140850688,64,55,34,-1,455.6920,0.3800,8,255,0,0,46,34
1140850688,64,51,34,-1,455.6920,2.3400,8,255,0,0,34,38
67108864,-1,100,34,-1,455.6920,11.0400,0,0,0,0,-1,-1
1140850688,64,55,34,-1,455.6921,0.3000,8,578,0,0,35,34
1140850688,64,51,34,-1,455.6921,13.4200,8,578,0,0,34,33
67108864,-1,100,34,-1,455.6921,3.9800,0,0,0,0,-1,-1
1140850688,64,55,34,-1,455.6921,0.3600,8,433,0,0,33,34
1140850688,64,51,34,-1,455.6921,6.3200,8,433,0,0,34,35
67108864,-1,100,34,-1,455.6921,10.0600,0,0,0,0,-1,-1
1140850688,64,55,34,-1,455.6937,2.4400,8,1299,0,0,35,34
1140850688,64,51,34,-1,455.6937,101.9800,8,1299,0,0,34,33
67108864,-1,100,34,-1,455.6938,1.6200,0,0,0,0,-1,-1
1140850688,64,55,34,-1,455.6938,1.1000,8,1734,0,0,33,34
1140850688,64,51,34,-1,455.6938,161.6210,8,1734,0,0,34,35
67108864,-1,100,34,-1,455.6939,0.9400,0,0,0,0,-1,-1
1140850688,64,55,34,-1,455.6940,1.4000,8,765,0,0,38,34
1140850688,64,51,34,-1,455.6940,6.6600,8,765,0,0,34,46
67108864,-1,100,34,-1,455.6940,93.4600,0,0,0,0,-1,-1
1140850688,64,55,34,-1,455.6941,4.1000,8,1020,0,0,46,34
1140850688,64,51,34,-1,455.6941,3.7200,8,1020,0,0,34,38
67108864,-1,100,34,-1,455.6941,0.1600,0,0,0,0,-1,-1
1140850688,64,55,34,-1,455.6941,0.3800,8,450,0,0,50,34
1140850688,64,51,34,-1,455.6941,2.4400,8,450,0,0,34,18
67108864,-1,100,34,-1,455.6941,64.2200,0,0,0,0,-1,-1
1140850688,64,55,34,-1,455.6942,0.3200,8,600,0,0,18,34
1140850688,64,51,34,-1,455.6942,2.7600,8,600,0,0,34,50
67108864,-1,100,34,-1,455.6942,191.7210,0,0,0,0,-1,-1
1140850688,64,1,34,-1,455.6944,82.8200,8,1,0,0,-1,-1
1140850688,64,1,34,-1,455.6944,25.2210,8,1,0,0,-1,-1
1140850688,64,1,34,-1,455.6946,239.7010,8,1,0,0,-1,-1
1140850688,64,55,34,-1,455.6950,2.5800,8,433,0,0,35,34
1140850688,64,51,34,-1,455.6950,18.6000,8,433,0,0,34,33
67108864,-1,100,34,-1,455.6950,28.3410,0,0,0,0,-1,-1
1140850688,64,55,34,-1,455.6950,0.5600,8,578,0,0,33,34
1140850688,64,51,34,-1,455.6950,7.9200,8,578,0,0,34,35
67108864,-1,100,34,-1,455.6951,24.9800,0,0,0,0,-1,-1
1140850688,64,55,34,-1,455.6951,1.1800,8,255,0,0,38,34
1140850688,64,51,34,-1,455.6951,3.9600,8,255,0,0,34,46
67108864,-1,100,34,-1,455.6951,0.2200,0,0,0,0,-1,-1
1140850688,64,55,34,-1,455.6951,0.2200,8,340,0,0,46,34
1140850688,64,51,34,-1,455.6951,1.8600,8,340,0,0,34,38
67108864,-1,100,34,-1,455.6951,20.3800,0,0,0,0,-1,-1
1140850688,64,55,34,-1,455.6951,0.5600,8,150,0,0,50,34
1140850688,64,51,34,-1,455.6951,1.8400,8,150,0,0,34,18
67108864,-1,100,34,-1,455.6951,0.1400,0,0,0,0,-1,-1
1140850688,64,55,34,-1,455.6951,0.1800,8,200,0,0,18,34
1140850688,64,51,34,-1,455.6951,1.7400,8,200,0,0,34,50
67108864,-1,100,34,-1,455.6951,13.7200,0,0,0,0,-1,-1
1140850688,64,1,34,-1,455.6952,51.9400,8,1,0,0,-1,-1
1140850688,64,1,34,-1,455.6952,63.4600,4,1,0,0,-1,-1
1140850688,64,0,34,63,455.7013,49.4800,8,1,0,0,-1,-1
1140850688,64,3,34,0,455.8736,808.7620,8,1,0,0,-1,-1
1140850688,64,3,34,0,455.8744,3.6200,8,1,0,0,-1,-1
1140850688,64,3,34,0,455.8744,2.4600,8,1,0,0,-1,-1
1140850688,64,1,34,-1,455.8745,1586.4850,8,2,0,0,-1,-1
1140850688,64,1,34,-1,455.8760,61.8000,8,1,0,0,-1,-1
1140850688,64,1,34,-1,455.8761,42.4210,8,6,0,0,-1,-1
1140850688,64,1,34,-1,455.8762,118.7800,8,6,0,0,-1,-1
1140850688,64,1,34,-1,455.8763,57.2600,8,1,0,0,-1,-1
1140850688,64,7,34,-1,455.8765,208.7400,0,0,0,0,-1,-1
1140850688,64,1,34,-1,455.8767,111.5600,4,1,0,0,-1,-1
1140850688,64,55,34,-1,455.8768,1.0000,8,600,0,0,50,34
1140850688,64,51,34,-1,455.8768,8.1800,8,600,0,0,34,18
67108864,-1,100,34,-1,455.8768,5.6000,0,0,0,0,-1,-1
1140850688,64,55,34,-1,455.8769,0.3600,8,450,0,0,18,34
1140850688,64,51,34,-1,455.8769,3.0800,8,450,0,0,34,50
67108864,-1,100,34,-1,455.8769,10.6600,0,0,0,0,-1,-1
1140850688,64,55,34,-1,455.8769,0.8200,8,1020,0,0,38,34
1140850688,64,51,34,-1,455.8769,4.7600,8,1020,0,0,34,46
67108864,-1,100,34,-1,455.8769,10.2400,0,0,0,0,-1,-1
1140850688,64,55,34,-1,455.8769,0.5200,8,765,0,0,46,34
1140850688,64,51,34,-1,455.8769,2.1600,8,765,0,0,34,38
67108864,-1,100,34,-1,455.8769,18.5800,0,0,0,0,-1,-1
1140850688,64,55,34,-1,455.8769,0.3200,8,1734,0,0,35,34
1140850688,64,51,34,-1,455.8769,135.9010,8,1734,0,0,34,33
67108864,-1,100,34,-1,455.8771,1.4600,0,0,0,0,-1,-1
1140850688,64,55,34,-1,455.8771,2.2400,8,1299,0,0,33,34
1140850688,64,51,34,-1,455.8771,168.1210,8,1299,0,0,34,35
67108864,-1,100,34,-1,455.8773,1.0000,0,0,0,0,-1,-1
1140850688,64,55,34,-1,455.8778,2.1800,8,433,0,0,35,34
1140850688,64,51,34,-1,455.8778,22.4200,8,433,0,0,34,33
67108864,-1,100,34,-1,455.8778,45.6810,0,0,0,0,-1,-1
1140850688,64,55,34,-1,455.8778,0.4600,8,578,0,0,33,34
1140850688,64,51,34,-1,455.8778,8.2200,8,578,0,0,34,35
67108864,-1,100,34,-1,455.8779,6.4000,0,0,0,0,-1,-1
1140850688,64,55,34,-1,455.8779,1.0200,8,255,0,0,38,34
1140850688,64,51,34,-1,455.8779,3.8200,8,255,0,0,34,46
67108864,-1,100,34,-1,455.8779,0.1600,0,0,0,0,-1,-1
1140850688,64,55,34,-1,455.8779,0.2800,8,340,0,0,46,34
1140850688,64,51,34,-1,455.8779,2.0800,8,340,0,0,34,38
67108864,-1,100,34,-1,455.8779,20.5400,0,0,0,0,-1,-1
1140850688,64,55,34,-1,455.8779,0.2400,8,150,0,0,50,34
1140850688,64,51,34,-1,455.8779,2.1800,8,150,0,0,34,18
67108864,-1,100,34,-1,455.8779,6.3400,0,0,0,0,-1,-1
1140850688,64,55,34,-1,455.8779,0.2400,8,200,0,0,18,34
1140850688,64,51,34,-1,455.8779,1.9600,8,200,0,0,34,50
67108864,-1,100,34,-1,455.8779,42.6000,0,0,0,0,-1,-1
1140850688,64,55,34,-1,455.8780,0.3200,8,200,0,0,50,34
1140850688,64,51,34,-1,455.8780,5.6000,8,200,0,0,34,18
67108864,-1,100,34,-1,455.8780,60.8200,0,0,0,0,-1,-1
1140850688,64,55,34,-1,455.8780,0.5000,8,150,0,0,18,34
1140850688,64,51,34,-1,455.8780,1.7600,8,150,0,0,34,50
67108864,-1,100,34,-1,455.8780,0.1400,0,0,0,0,-1,-1
1140850688,64,55,34,-1,455.8780,1.0000,8,340,0,0,38,34
1140850688,64,51,34,-1,455.8780,1.6000,8,340,0,0,34,46
67108864,-1,100,34,-1,455.8780,0.1400,0,0,0,0,-1,-1
1140850688,64,55,34,-1,455.8780,0.2400,8,255,0,0,46,34
1140850688,64,51,34,-1,455.8780,1.4800,8,255,0,0,34,38
67108864,-1,100,34,-1,455.8780,21.4000,0,0,0,0,-1,-1
1140850688,64,55,34,-1,455.8781,0.2600,8,578,0,0,35,34
1140850688,64,51,34,-1,455.8781,6.8200,8,578,0,0,34,33
67108864,-1,100,34,-1,455.8781,9.0200,0,0,0,0,-1,-1
1140850688,64,55,34,-1,455.8781,0.5800,8,433,0,0,33,34
1140850688,64,51,34,-1,455.8781,5.7600,8,433,0,0,34,35
67108864,-1,100,34,-1,455.8781,2.0000,0,0,0,0,-1,-1
1140850688,64,55,34,-1,455.8790,1.0600,8,1299,0,0,35,34
1140850688,64,51,34,-1,455.8790,62.8600,8,1299,0,0,34,33
67108864,-1,100,34,-1,455.8791,0.7800,0,0,0,0,-1,-1
1140850688,64,55,34,-1,455.8791,1.3200,8,1734,0,0,33,34
1140850688,64,51,34,-1,455.8791,32.2400,8,1734,0,0,34,35
67108864,-1,100,34,-1,455.8791,0.7000,0,0,0,0,-1,-1
1140850688,64,55,34,-1,455.8791,2.7000,8,765,0,0,38,34
1140850688,64,51,34,-1,455.8791,4.0000,8,765,0,0,34,46
67108864,-1,100,34,-1,455.8791,0.1200,0,0,0,0,-1,-1
1140850688,64,55,34,-1,455.8791,0.4200,8,1020,0,0,46,34
1140850688,64,51,34,-1,455.8791,3.4800,8,1020,0,0,34,38
67108864,-1,100,34,-1,455.8791,92.2400,0,0,0,0,-1,-1
1140850688,64,55,34,-1,455.8792,0.3000,8,450,0,0,50,34
1140850688,64,51,34,-1,455.8792,1.9000,8,450,0,0,34,18
67108864,-1,100,34,-1,455.8792,6.0600,0,0,0,0,-1,-1
1140850688,64,55,34,-1,455.8793,0.3000,8,600,0,0,18,34
1140850688,64,51,34,-1,455.8793,2.6000,8,600,0,0,34,50
67108864,-1,100,34,-1,455.8793,52.2000,0,0,0,0,-1,-1
1140850688,64,1,34,-1,455.8793,81.5600,8,1,0,0,-1,-1
1140850688,64,1,34,-1,455.8794,54.8000,4,1,0,0,-1,-1
1140850688,64,55,34,-1,455.8795,1.1800,8,600,0,0,50,34
1140850688,64,51,34,-1,455.8795,4.8400,8,600,0,0,34,18
67108864,-1,100,34,-1,455.8795,10.7610,0,0,0,0,-1,-1
1140850688,64,55,34,-1,455.8795,0.2400,8,450,0,0,18,34
1140850688,64,51,34,-1,455.8795,1.7600,8,450,0,0,34,50
67108864,-1,100,34,-1,455.8795,7.9200,0,0,0,0,-1,-1
1140850688,64,55,34,-1,455.8795,0.2200,8,1020,0,0,38,34
1140850688,64,51,34,-1,455.8795,3.3000,8,1020,0,0,34,46
67108864,-1,100,34,-1,455.8795,9.8400,0,0,0,0,-1,-1
1140850688,64,55,34,-1,455.8796,0.2200,8,765,0,0,46,34
1140850688,64,51,34,-1,455.8796,1.8000,8,765,0,0,34,38
67108864,-1,100,34,-1,455.8796,15.6600,0,0,0,0,-1,-1
1140850688,64,55,34,-1,455.8796,0.2200,8,1734,0,0,35,34
1140850688,64,51,34,-1,455.8796,53.9000,8,1734,0,0,34,33
67108864,-1,100,34,-1,455.8796,0.7200,0,0,0,0,-1,-1
1140850688,64,55,34,-1,455.8796,1.0600,8,1299,0,0,33,34
1140850688,64,51,34,-1,455.8796,25.0400,8,1299,0,0,34,35
67108864,-1,100,34,-1,455.8797,0.3600,0,0,0,0,-1,-1
1140850688,64,55,34,-1,455.8801,0.9600,8,433,0,0,35,34
1140850688,64,51,34,-1,455.8801,14.5800,8,433,0,0,34,33
67108864,-1,100,34,-1,455.8802,12.9400,0,0,0,0,-1,-1
1140850688,64,55,34,-1,455.8802,0.5000,8,578,0,0,33,34
1140850688,64,51,34,-1,455.8802,7.5600,8,578,0,0,34,35
67108864,-1,100,34,-1,455.8802,65.9400,0,0,0,0,-1,-1
1140850688,64,55,34,-1,455.8803,1.5400,8,255,0,0,38,34
1140850688,64,51,34,-1,455.8803,2.3600,8,255,0,0,34,46
67108864,-1,100,34,-1,455.8803,0.2200,0,0,0,0,-1,-1
1140850688,64,55,34,-1,455.8803,0.2800,8,340,0,0,46,34
1140850688,64,51,34,-1,455.8803,1.7200,8,340,0,0,34,38
67108864,-1,100,34,-1,455.8803,18.8600,0,0,0,0,-1,-1
1140850688,64,55,34,-1,455.8803,0.7400,8,150,0,0,50,34
1140850688,64,51,34,-1,455.8803,2.0400,8,150,0,0,34,18
67108864,-1,100,34,-1,455.8803,0.2000,0,0,0,0,-1,-1
1140850688,64,55,34,-1,455.8803,0.1800,8,200,0,0,18,34
1140850688,64,51,34,-1,455.8803,1.6400,8,200,0,0,34,50
67108864,-1,100,34,-1,455.8803,16.5200,0,0,0,0,-1,-1
1140850688,64,55,34,-1,455.8803,0.2600,8,200,0,0,50,34
1140850688,64,51,34,-1,455.8803,1.4600,8,200,0,0,34,18
67108864,-1,100,34,-1,455.8803,7.5000,0,0,0,0,-1,-1
1140850688,64,55,34,-1,455.8803,0.2200,8,150,0,0,18,34
1140850688,64,51,34,-1,455.8803,1.2600,8,150,0,0,34,50
67108864,-1,100,34,-1,455.8803,5.2800,0,0,0,0,-1,-1
1140850688,64,55,34,-1,455.8803,0.2400,8,340,0,0,38,34
1140850688,64,51,34,-1,455.8803,1.5800,8,340,0,0,34,46
67108864,-1,100,34,-1,455.8803,5.4800,0,0,0,0,-1,-1
1140850688,64,55,34,-1,455.8803,0.2400,8,255,0,0,46,34
1140850688,64,51,34,-1,455.8803,1.3200,8,255,0,0,34,38
67108864,-1,100,34,-1,455.8804,14.2810,0,0,0,0,-1,-1
1140850688,64,55,34,-1,455.8804,0.2200,8,578,0,0,35,34
1140850688,64,51,34,-1,455.8804,6.8600,8,578,0,0,34,33
67108864,-1,100,34,-1,455.8804,10.1200,0,0,0,0,-1,-1
1140850688,64,55,34,-1,455.8804,0.3200,8,433,0,0,33,34
1140850688,64,51,34,-1,455.8804,4.2000,8,433,0,0,34,35
67108864,-1,100,34,-1,455.8804,12.0200,0,0,0,0,-1,-1
1140850688,64,55,34,-1,455.8813,0.9800,8,1299,0,0,35,34
1140850688,64,51,34,-1,455.8813,98.8800,8,1299,0,0,34,33
67108864,-1,100,34,-1,455.8814,0.7600,0,0,0,0,-1,-1
1140850688,64,55,34,-1,455.8814,1.2600,8,1734,0,0,33,34
1140850688,64,51,34,-1,455.8814,25.4200,8,1734,0,0,34,35
67108864,-1,100,34,-1,455.8814,0.5200,0,0,0,0,-1,-1
1140850688,64,55,34,-1,455.8814,0.6800,8,765,0,0,38,34
1140850688,64,51,34,-1,455.8814,4.8400,8,765,0,0,34,46
67108864,-1,100,34,-1,455.8814,5.1000,0,0,0,0,-1,-1
1140850688,64,55,34,-1,455.8815,0.6000,8,1020,0,0,46,34
1140850688,64,51,34,-1,455.8815,4.0600,8,1020,0,0,34,38
67108864,-1,100,34,-1,455.8815,23.9200,0,0,0,0,-1,-1
1140850688,64,55,34,-1,455.8815,0.3400,8,450,0,0,50,34
1140850688,64,51,34,-1,455.8815,2.6000,8,450,0,0,34,18
67108864,-1,100,34,-1,455.8815,80.4600,0,0,0,0,-1,-1
1140850688,64,55,34,-1,455.8816,0.2600,8,600,0,0,18,34
1140850688,64,51,34,-1,455.8816,2.5600,8,600,0,0,34,50
67108864,-1,100,34,-1,455.8816,34.2000,0,0,0,0,-1,-1
1140850688,64,1,34,-1,455.8816,91.6800,8,1,0,0,-1,-1
1140850688,64,1,34,-1,455.8818,45.2210,4,1,0,0,-1,-1
1140850688,64,55,34,-1,455.8818,0.5600,8,600,0,0,50,34
1140850688,64,51,34,-1,455.8818,4.1400,8,600,0,0,34,18
67108864,-1,100,34,-1,455.8818,5.0200,0,0,0,0,-1,-1
1140850688,64,55,34,-1,455.8818,0.4000,8,450,0,0,18,34
1140850688,64,51,34,-1,455.8818,1.7400,8,450,0,0,34,50
67108864,-1,100,34,-1,455.8818,16.4600,0,0,0,0,-1,-1
1140850688,64,55,34,-1,455.8818,0.2200,8,1020,0,0,38,34
1140850688,64,51,34,-1,455.8818,3.6400,8,1020,0,0,34,46
67108864,-1,100,34,-1,455.8818,12.1400,0,0,0,0,-1,-1
1140850688,64,55,34,-1,455.8819,0.2200,8,765,0,0,46,34
1140850688,64,51,34,-1,455.8819,2.0200,8,765,0,0,34,38
67108864,-1,100,34,-1,455.8819,15.7600,0,0,0,0,-1,-1
1140850688,64,55,34,-1,455.8819,0.2200,8,1734,0,0,35,34
1140850688,64,51,34,-1,455.8819,39.1800,8,1734,0,0,34,33
67108864,-1,100,34,-1,455.8819,0.6000,0,0,0,0,-1,-1
1140850688,64,55,34,-1,455.8819,0.9200,8,1299,0,0,33,34
1140850688,64,51,34,-1,455.8819,19.3000,8,1299,0,0,34,35
67108864,-1,100,34,-1,455.8820,2.6600,0,0,0,0,-1,-1
1140850688,64,55,34,-1,455.8824,0.9000,8,433,0,0,35,34
1140850688,64,51,34,-1,455.8824,16.3000,8,433,0,0,34,33
67108864,-1,100,34,-1,455.8824,19.7400,0,0,0,0,-1,-1
1140850688,64,55,34,-1,455.8825,0.4600,8,578,0,0,33,34
1140850688,64,51,34,-1,455.8825,9.3800,8,578,0,0,34,35
67108864,-1,100,34,-1,455.8825,2.9400,0,0,0,0,-1,-1
1140850688,64,55,34,-1,455.8825,0.2400,8,255,0,0,38,34
1140850688,64,51,34,-1,455.8825,2.7000,8,255,0,0,34,46
67108864,-1,100,34,-1,455.8825,23.9600,0,0,0,0,-1,-1
1140850688,64,55,34,-1,455.8825,0.2400,8,340,0,0,46,34
1140850688,64,51,34,-1,455.8825,1.8200,8,340,0,0,34,38
67108864,-1,100,34,-1,455.8825,4.5000,0,0,0,0,-1,-1
1140850688,64,55,34,-1,455.8825,0.9400,8,150,0,0,50,34
1140850688,64,51,34,-1,455.8825,1.8600,8,150,0,0,34,18
67108864,-1,100,34,-1,455.8825,0.1600,0,0,0,0,-1,-1
1140850688,64,55,34,-1,455.8825,0.2000,8,200,0,0,18,34
1140850688,64,51,34,-1,455.8825,1.6800,8,200,0,0,34,50
67108864,-1,100,34,-1,455.8825,25.1400,0,0,0,0,-1,-1
1140850688,64,55,34,-1,455.8826,0.2400,8,200,0,0,50,34
1140850688,64,51,34,-1,455.8826,1.5800,8,200,0,0,34,18
67108864,-1,100,34,-1,455.8826,24.3000,0,0,0,0,-1,-1
1140850688,64,55,34,-1,455.8826,0.2400,8,150,0,0,18,34
1140850688,64,51,34,-1,455.8826,1.2800,8,150,0,0,34,50
67108864,-1,100,34,-1,455.8826,5.3400,0,0,0,0,-1,-1
1140850688,64,55,34,-1,455.8826,0.2200,8,340,0,0,38,34
1140850688,64,51,34,-1,455.8826,1.6800,8,340,0,0,34,46
67108864,-1,100,34,-1,455.8826,50.5410,0,0,0,0,-1,-1
1140850688,64,55,34,-1,455.8827,0.2200,8,255,0,0,46,34
1140850688,64,51,34,-1,455.8827,1.4000,8,255,0,0,34,38
67108864,-1,100,34,-1,455.8827,7.1000,0,0,0,0,-1,-1
1140850688,64,55,34,-1,455.8827,0.8800,8,578,0,0,35,34
1140850688,64,51,34,-1,455.8827,6.9000,8,578,0,0,34,33
67108864,-1,100,34,-1,455.8827,4.3400,0,0,0,0,-1,-1
1140850688,64,55,34,-1,455.8827,0.2400,8,433,0,0,33,34
1140850688,64,51,34,-1,455.8827,5.9200,8,433,0,0,34,35
67108864,-1,100,34,-1,455.8827,14.0000,0,0,0,0,-1,-1
1140850688,64,55,34,-1,455.8836,0.4600,8,1299,0,0,35,34
1140850688,64,51,34,-1,455.8836,46.9800,8,1299,0,0,34,33
67108864,-1,100,34,-1,455.8836,1.0600,0,0,0,0,-1,-1
1140850688,64,55,34,-1,455.8836,1.3400,8,1734,0,0,33,34
1140850688,64,51,34,-1,455.8837,29.0400,8,1734,0,0,34,35
67108864,-1,100,34,-1,455.8837,0.5200,0,0,0,0,-1,-1
1140850688,64,55,34,-1,455.8837,0.4200,8,765,0,0,38,34
1140850688,64,51,34,-1,455.8837,2.8800,8,765,0,0,34,46
67108864,-1,100,34,-1,455.8837,13.7600,0,0,0,0,-1,-1
1140850688,64,55,34,-1,455.8837,0.2400,8,1020,0,0,46,34
1140850688,64,51,34,-1,455.8837,3.4400,8,1020,0,0,34,38
67108864,-1,100,34,-1,455.8837,75.9810,0,0,0,0,-1,-1
1140850688,64,55,34,-1,455.8838,0.2400,8,450,0,0,50,34
1140850688,64,51,34,-1,455.8838,9.0000,8,450,0,0,34,18
67108864,-1,100,34,-1,455.8838,4.8400,0,0,0,0,-1,-1
1140850688,64,55,34,-1,455.8838,0.6400,8,600,0,0,18,34
1140850688,64,51,34,-1,455.8838,2.9800,8,600,0,0,34,50
67108864,-1,100,34,-1,455.8838,77.6200,0,0,0,0,-1,-1
1140850688,64,1,34,-1,455.8839,311.0410,8,1,0,0,-1,-1
1140850688,64,1,34,-1,455.8843,64.5010,4,1,0,0,-1,-1
1140850688,64,55,34,-1,455.8843,0.5400,8,600,0,0,50,34
1140850688,64,51,34,-1,455.8843,3.2200,8,600,0,0,34,18
67108864,-1,100,34,-1,455.8843,17.5400,0,0,0,0,-1,-1
1140850688,64,55,34,-1,455.8844,0.2400,8,450,0,0,18,34
1140850688,64,51,34,-1,455.8844,1.8000,8,450,0,0,34,50
67108864,-1,100,34,-1,455.8844,3.1200,0,0,0,0,-1,-1
1140850688,64,55,34,-1,455.8844,0.2400,8,1020,0,0,38,34
1140850688,64,51,34,-1,455.8844,4.4400,8,1020,0,0,34,46
67108864,-1,100,34,-1,455.8844,8.7000,0,0,0,0,-1,-1
1140850688,64,55,34,-1,455.8844,0.3000,8,765,0,0,46,34
1140850688,64,51,34,-1,455.8844,1.8200,8,765,0,0,34,38
67108864,-1,100,34,-1,455.8844,23.2000,0,0,0,0,-1,-1
1140850688,64,55,34,-1,455.8844,0.3000,8,1734,0,0,35,34
1140850688,64,51,34,-1,455.8844,38.0400,8,1734,0,0,34,33
67108864,-1,100,34,-1,455.8845,0.3200,0,0,0,0,-1,-1
1140850688,64,55,34,-1,455.8845,1.1800,8,1299,0,0,33,34
1140850688,64,51,34,-1,455.8845,18.7000,8,1299,0,0,34,35
67108864,-1,100,34,-1,455.8845,0.2600,0,0,0,0,-1,-1
1140850688,64,55,34,-1,455.8849,0.7400,8,433,0,0,35,34
1140850688,64,51,34,-1,455.8849,13.2200,8,433,0,0,34,33
67108864,-1,100,34,-1,455.8850,22.6800,0,0,0,0,-1,-1
1140850688,64,55,34,-1,455.8850,0.3400,8,578,0,0,33,34
1140850688,64,51,34,-1,455.8850,7.1600,8,578,0,0,34,35
67108864,-1,100,34,-1,455.8850,12.2800,0,0,0,0,-1,-1
1140850688,64,55,34,-1,455.8850,0.3200,8,255,0,0,38,34
1140850688,64,51,34,-1,455.8850,2.2800,8,255,0,0,34,46
67108864,-1,100,34,-1,455.8850,66.5600,0,0,0,0,-1,-1
1140850688,64,55,34,-1,455.8851,1.1200,8,340,0,0,46,34
1140850688,64,51,34,-1,455.8851,1.9000,8,340,0,0,34,38
67108864,-1,100,34,-1,455.8851,0.1600,0,0,0,0,-1,-1
1140850688,64,55,34,-1,455.8851,0.5000,8,150,0,0,50,34
1140850688,64,51,34,-1,455.8851,1.7200,8,150,0,0,34,18
67108864,-1,100,34,-1,455.8851,0.1200,0,0,0,0,-1,-1
1140850688,64,55,34,-1,455.8851,0.1800,8,200,0,0,18,34
1140850688,64,51,34,-1,455.8851,1.6800,8,200,0,0,34,50
67108864,-1,100,34,-1,455.8851,13.2000,0,0,0,0,-1,-1
1140850688,64,55,34,-1,455.8851,0.3200,8,200,0,0,50,34
1140850688,64,51,34,-1,455.8851,1.6400,8,200,0,0,34,18
67108864,-1,100,34,-1,455.8851,2.7800,0,0,0,0,-1,-1
1140850688,64,55,34,-1,455.8851,0.3800,8,150,0,0,18,34
1140850688,64,51,34,-1,455.8851,1.8200,8,150,0,0,34,50
67108864,-1,100,34,-1,455.8851,39.8010,0,0,0,0,-1,-1
1140850688,64,55,34,-1,455.8852,1.5400,8,340,0,0,38,34
1140850688,64,51,34,-1,455.8852,2.7400,8,340,0,0,34,46
67108864,-1,100,34,-1,455.8852,3.3600,0,0,0,0,-1,-1
1140850688,64,55,34,-1,455.8852,0.5200,8,255,0,0,46,34
1140850688,64,51,34,-1,455.8852,1.4600,8,255,0,0,34,38
67108864,-1,100,34,-1,455.8852,14.1400,0,0,0,0,-1,-1
1140850688,64,55,34,-1,455.8852,0.2800,8,578,0,0,35,34
1140850688,64,51,34,-1,455.8852,12.9000,8,578,0,0,34,33
67108864,-1,100,34,-1,455.8852,28.0600,0,0,0,0,-1,-1
1140850688,64,55,34,-1,455.8852,2.5000,8,433,0,0,33,34
1140850688,64,51,34,-1,455.8853,5.1600,8,433,0,0,34,35
67108864,-1,100,34,-1,455.8853,0.2000,0,0,0,0,-1,-1
1140850688,64,55,34,-1,455.8861,0.7200,8,1299,0,0,35,34
1140850688,64,51,34,-1,455.8861,74.7400,8,1299,0,0,34,33
67108864,-1,100,34,-1,455.8862,1.4400,0,0,0,0,-1,-1
1140850688,64,55,34,-1,455.8862,1.4600,8,1734,0,0,33,34
1140850688,64,51,34,-1,455.8862,29.7200,8,1734,0,0,34,35
67108864,-1,100,34,-1,455.8863,0.5800,0,0,0,0,-1,-1
1140850688,64,55,34,-1,455.8863,0.8000,8,765,0,0,38,34
1140850688,64,51,34,-1,455.8863,4.9600,8,765,0,0,34,46
67108864,-1,100,34,-1,455.8863,6.0600,0,0,0,0,-1,-1
1140850688,64,55,34,-1,455.8863,0.2400,8,1020,0,0,46,34
1140850688,64,51,34,-1,455.8863,3.1800,8,1020,0,0,34,38
67108864,-1,100,34,-1,455.8863,48.1610,0,0,0,0,-1,-1
1140850688,64,55,34,-1,455.8863,0.3800,8,450,0,0,50,34
1140850688,64,51,34,-1,455.8863,2.4600,8,450,0,0,34,18
67108864,-1,100,34,-1,455.8863,13.8600,0,0,0,0,-1,-1
1140850688,64,55,34,-1,455.8864,0.3800,8,600,0,0,18,34
1140850688,64,51,34,-1,455.8864,2.8200,8,600,0,0,34,50
67108864,-1,100,34,-1,455.8864,43.1400,0,0,0,0,-1,-1
1140850688,64,1,34,-1,455.8864,91.3000,8,1,0,0,-1,-1
1140850688,64,1,34,-1,455.8865,65.7010,4,1,0,0,-1,-1
1140850688,64,55,34,-1,455.8866,0.6400,8,600,0,0,50,34
1140850688,64,51,34,-1,455.8866,3.9400,8,600,0,0,34,18
67108864,-1,100,34,-1,455.8866,13.3600,0,0,0,0,-1,-1
1140850688,64,55,34,-1,455.8866,0.3200,8,450,0,0,18,34
1140850688,64,51,34,-1,455.8866,2.3200,8,450,0,0,34,50
67108864,-1,100,34,-1,455.8866,5.5600,0,0,0,0,-1,-1
1140850688,64,55,34,-1,455.8866,0.2000,8,1020,0,0,38,34
1140850688,64,51,34,-1,455.8866,3.8600,8,1020,0,0,34,46
67108864,-1,100,34,-1,455.8867,4.9200,0,0,0,0,-1,-1
1140850688,64,55,34,-1,455.8867,0.6600,8,765,0,0,46,34
1140850688,64,51,34,-1,455.8867,2.0800,8,765,0,0,34,38
67108864,-1,100,34,-1,455.8867,21.1200,0,0,0,0,-1,-1
1140850688,64,55,34,-1,455.8867,0.2200,8,1734,0,0,35,34
1140850688,64,51,34,-1,455.8867,40.4000,8,1734,0,0,34,33
67108864,-1,100,34,-1,455.8867,0.7200,0,0,0,0,-1,-1
1140850688,64,55,34,-1,455.8867,0.7800,8,1299,0,0,33,34
1140850688,64,51,34,-1,455.8867,20.7200,8,1299,0,0,34,35
67108864,-1,100,34,-1,455.8868,0.2600,0,0,0,0,-1,-1
1140850688,64,55,34,-1,455.8872,0.8600,8,433,0,0,35,34
1140850688,64,51,34,-1,455.8872,3.0600,8,433,0,0,34,33
67108864,-1,100,34,-1,455.8872,26.5200,0,0,0,0,-1,-1
1140850688,64,55,34,-1,455.8873,2.8200,8,578,0,0,33,34
1140850688,64,51,34,-1,455.8873,2.7400,8,578,0,0,34,35
67108864,-1,100,34,-1,455.8873,0.1400,0,0,0,0,-1,-1
1140850688,64,55,34,-1,455.8873,0.2200,8,255,0,0,38,34
1140850688,64,51,34,-1,455.8873,2.3800,8,255,0,0,34,46
67108864,-1,100,34,-1,455.8873,3.7400,0,0,0,0,-1,-1
1140850688,64,55,34,-1,455.8873,0.2400,8,340,0,0,46,34
1140850688,64,51,34,-1,455.8873,2.7400,8,340,0,0,34,38
67108864,-1,100,34,-1,455.8873,19.6800,0,0,0,0,-1,-1
1140850688,64,55,34,-1,455.8873,0.4600,8,150,0,0,50,34
1140850688,64,51,34,-1,455.8873,1.7800,8,150,0,0,34,18
67108864,-1,100,34,-1,455.8873,4.7200,0,0,0,0,-1,-1
1140850688,64,55,34,-1,455.8873,0.2400,8,200,0,0,18,34
1140850688,64,51,34,-1,455.8873,1.6400,8,200,0,0,34,50
67108864,-1,100,34,-1,455.8873,9.5200,0,0,0,0,-1,-1
1140850688,64,55,34,-1,455.8874,0.2800,8,200,0,0,50,34
1140850688,64,51,34,-1,455.8874,1.5800,8,200,0,0,34,18
67108864,-1,100,34,-1,455.8874,50.9000,0,0,0,0,-1,-1
1140850688,64,55,34,-1,455.8874,0.2400,8,150,0,0,18,34
1140850688,64,51,34,-1,455.8874,1.1800,8,150,0,0,34,50
67108864,-1,100,34,-1,455.8874,1.7600,0,0,0,0,-1,-1
1140850688,64,55,34,-1,455.8874,0.2200,8,340,0,0,38,34
1140850688,64,51,34,-1,455.8874,1.5800,8,340,0,0,34,46
67108864,-1,100,34,-1,455.8874,56.5600,0,0,0,0,-1,-1
1140850688,64,55,34,-1,455.8875,0.3600,8,255,0,0,46,34
1140850688,64,51,34,-1,455.8875,1.5800,8,255,0,0,34,38
67108864,-1,100,34,-1,455.8875,2.0800,0,0,0,0,-1,-1
1140850688,64,55,34,-1,455.8875,0.3000,8,578,0,0,35,34
1140850688,64,51,34,-1,455.8875,2.6800,8,578,0,0,34,33
67108864,-1,100,34,-1,455.8875,3.7600,0,0,0,0,-1,-1
1140850688,64,55,34,-1,455.8875,0.2000,8,433,0,0,33,34
1140850688,64,51,34,-1,455.8875,1.8800,8,433,0,0,34,35
67108864,-1,100,34,-1,455.8875,5.1200,0,0,0,0,-1,-1
1140850688,64,55,34,-1,455.8884,0.7200,8,1299,0,0,35,34
1140850688,64,51,34,-1,455.8884,63.6000,8,1299,0,0,34,33
67108864,-1,100,34,-1,455.8884,0.5600,0,0,0,0,-1,-1
1140850688,64,55,34,-1,455.8884,1.0000,8,1734,0,0,33,34
1140850688,64,51,34,-1,455.8884,42.0000,8,1734,0,0,34,35
67108864,-1,100,34,-1,455.8885,0.6400,0,0,0,0,-1,-1
1140850688,64,55,34,-1,455.8885,0.5000,8,765,0,0,38,34
1140850688,64,51,34,-1,455.8885,4.1000,8,765,0,0,34,46
67108864,-1,100,34,-1,455.8885,4.7000,0,0,0,0,-1,-1
1140850688,64,55,34,-1,455.8885,0.2400,8,1020,0,0,46,34
1140850688,64,51,34,-1,455.8885,3.3800,8,1020,0,0,34,38
67108864,-1,100,34,-1,455.8885,148.4210,0,0,0,0,-1,-1
1140850688,64,55,34,-1,455.8887,1.7000,8,450,0,0,50,34
1140850688,64,51,34,-1,455.8887,2.1200,8,450,0,0,34,18
67108864,-1,100,34,-1,455.8887,0.1400,0,0,0,0,-1,-1
1140850688,64,55,34,-1,455.8887,0.3200,8,600,0,0,18,34
1140850688,64,51,34,-1,455.8887,2.0400,8,600,0,0,34,50
67108864,-1,100,34,-1,455.8887,34.7400,0,0,0,0,-1,-1
1140850688,64,1,34,-1,455.8887,44.4800,8,1,0,0,-1,-1
1140850688,64,1,34,-1,455.8888,58.1010,4,1,0,0,-1,-1
1140850688,64,55,34,-1,455.8889,0.6600,8,600,0,0,50,34
1140850688,64,51,34,-1,455.8889,3.5800,8,600,0,0,34,18
67108864,-1,100,34,-1,455.8889,15.1200,0,0,0,0,-1,-1
1140850688,64,55,34,-1,455.8889,0.3200,8,450,0,0,18,34
1140850688,64,51,34,-1,455.8889,1.5000,8,450,0,0,34,50
67108864,-1,100,34,-1,455.8889,9.0200,0,0,0,0,-1,-1
1140850688,64,55,34,-1,455.8889,0.2000,8,1020,0,0,38,34
1140850688,64,51,34,-1,455.8889,4.0000,8,1020,0,0,34,46
67108864,-1,100,34,-1,455.8889,20.2200,0,0,0,0,-1,-1
1140850688,64,55,34,-1,455.8889,0.2400,8,765,0,0,46,34
1140850688,64,51,34,-1,455.8889,2.1800,8,765,0,0,34,38
67108864,-1,100,34,-1,455.8889,7.2000,0,0,0,0,-1,-1
1140850688,64,55,34,-1,455.8889,0.3000,8,1734,0,0,35,34
1140850688,64,51,34,-1,455.8889,41.4400,8,1734,0,0,34,33
67108864,-1,100,34,-1,455.8890,0.8400,0,0,0,0,-1,-1
1140850688,64,55,34,-1,455.8890,1.3200,8,1299,0,0,33,34
1140850688,64,51,34,-1,455.8890,22.5800,8,1299,0,0,34,35
67108864,-1,100,34,-1,455.8890,0.4800,0,0,0,0,-1,-1
1140850688,64,55,34,-1,455.8895,1.3000,8,433,0,0,35,34
1140850688,64,51,34,-1,455.8895,4.6200,8,433,0,0,34,33
67108864,-1,100,34,-1,455.8895,26.7200,0,0,0,0,-1,-1
1140850688,64,55,34,-1,455.8895,0.2000,8,578,0,0,33,34
1140850688,64,51,34,-1,455.8895,2.9000,8,578,0,0,34,35
67108864,-1,100,34,-1,455.8895,3.2600,0,0,0,0,-1,-1
1140850688,64,55,34,-1,455.8895,0.2200,8,255,0,0,38,34
1140850688,64,51,34,-1,455.8895,2.8000,8,255,0,0,34,46
67108864,-1,100,34,-1,455.8895,12.8600,0,0,0,0,-1,-1
1140850688,64,55,34,-1,455.8896,0.2400,8,340,0,0,46,34
1140850688,64,51,34,-1,455.8896,1.5800,8,340,0,0,34,38
67108864,-1,100,34,-1,455.8896,258.6210,0,0,0,0,-1,-1
1140850688,64,55,34,-1,455.8898,0.8600,8,150,0,0,50,34
1140850688,64,51,34,-1,455.8898,1.6600,8,150,0,0,34,18
67108864,-1,100,34,-1,455.8898,0.1600,0,0,0,0,-1,-1
1140850688,64,55,34,-1,455.8898,0.2200,8,200,0,0,18,34
1140850688,64,51,34,-1,455.8898,1.9200,8,200,0,0,34,50
67108864,-1,100,34,-1,455.8898,15.0400,0,0,0,0,-1,-1
1140850688,64,55,34,-1,455.8898,0.3800,8,200,0,0,50,34
1140850688,64,51,34,-1,455.8898,1.7200,8,200,0,0,34,18
67108864,-1,100,34,-1,455.8898,2.5200,0,0,0,0,-1,-1
1140850688,64,55,34,-1,455.8899,0.2600,8,150,0,0,18,34
1140850688,64,51,34,-1,455.8899,1.2600,8,150,0,0,34,50
67108864,-1,100,34,-1,455.8899,11.3200,0,0,0,0,-1,-1
1140850688,64,55,34,-1,455.8899,1.2600,8,340,0,0,38,34
1140850688,64,51,34,-1,455.8899,1.7600,8,340,0,0,34,46
67108864,-1,100,34,-1,455.8899,0.1600,0,0,0,0,-1,-1
1140850688,64,55,34,-1,455.8899,0.2600,8,255,0,0,46,34
1140850688,64,51,34,-1,455.8899,1.4000,8,255,0,0,34,38
67108864,-1,100,34,-1,455.8899,18.9000,0,0,0,0,-1,-1
1140850688,64,55,34,-1,455.8899,2.1000,8,578,0,0,35,34
1140850688,64,51,34,-1,455.8899,3.1800,8,578,0,0,34,33
67108864,-1,100,34,-1,455.8899,0.1400,0,0,0,0,-1,-1
1140850688,64,55,34,-1,455.8899,0.2200,8,433,0,0,33,34
1140850688,64,51,34,-1,455.8899,1.9200,8,433,0,0,34,35
67108864,-1,100,34,-1,455.8899,11.1200,0,0,0,0,-1,-1
1140850688,64,55,34,-1,455.8908,0.5200,8,1299,0,0,35,34
1140850688,64,51,34,-1,455.8908,58.0810,8,1299,0,0,34,33
67108864,-1,100,34,-1,455.8908,0.9800,0,0,0,0,-1,-1
1140850688,64,55,34,-1,455.8908,0.8800,8,1734,0,0,33,34
1140850688,64,51,34,-1,455.8908,24.9000,8,1734,0,0,34,35
67108864,-1,100,34,-1,455.8909,0.4400,0,0,0,0,-1,-1
1140850688,64,55,34,-1,455.8909,0.6600,8,765,0,0,38,34
1140850688,64,51,34,-1,455.8909,4.6000,8,765,0,0,34,46
67108864,-1,100,34,-1,455.8909,4.9200,0,0,0,0,-1,-1
1140850688,64,55,34,-1,455.8909,0.2200,8,1020,0,0,46,34
1140850688,64,51,34,-1,455.8909,2.9800,8,1020,0,0,34,38
67108864,-1,100,34,-1,455.8909,86.1000,0,0,0,0,-1,-1
1140850688,64,55,34,-1,455.8910,0.2200,8,450,0,0,50,34
1140850688,64,51,34,-1,455.8910,1.7000,8,450,0,0,34,18
67108864,-1,100,34,-1,455.8910,30.1400,0,0,0,0,-1,-1
1140850688,64,55,34,-1,455.8910,0.2600,8,600,0,0,18,34
1140850688,64,51,34,-1,455.8910,2.6200,8,600,0,0,34,50
67108864,-1,100,34,-1,455.8910,27.3600,0,0,0,0,-1,-1
1140850688,64,1,34,-1,455.8911,67.1000,8,1,0,0,-1,-1
1140850688,64,1,34,-1,455.8912,46.9600,4,1,0,0,-1,-1
1140850688,64,55,34,-1,455.8912,0.9000,8,600,0,0,50,34
1140850688,64,51,34,-1,455.8912,4.1200,8,600,0,0,34,18
67108864,-1,100,34,-1,455.8912,8.4200,0,0,0,0,-1,-1
1140850688,64,55,34,-1,455.8912,0.2200,8,450,0,0,18,34
1140850688,64,51,34,-1,455.8912,2.2000,8,450,0,0,34,50
67108864,-1,100,34,-1,455.8912,13.1000,0,0,0,0,-1,-1
1140850688,64,55,34,-1,455.8913,0.2200,8,1020,0,0,38,34
1140850688,64,51,34,-1,455.8913,9.9400,8,1020,0,0,34,46
67108864,-1,100,34,-1,455.8913,6.3200,0,0,0,0,-1,-1
1140850688,64,55,34,-1,455.8913,0.9800,8,765,0,0,46,34
1140850688,64,51,34,-1,455.8913,3.5000,8,765,0,0,34,38
67108864,-1,100,34,-1,455.8913,13.4000,0,0,0,0,-1,-1
1140850688,64,55,34,-1,455.8913,0.2200,8,1734,0,0,35,34
1140850688,64,51,34,-1,455.8913,37.7610,8,1734,0,0,34,33
67108864,-1,100,34,-1,455.8914,0.4800,0,0,0,0,-1,-1
1140850688,64,55,34,-1,455.8914,0.9400,8,1299,0,0,33,34
1140850688,64,51,34,-1,455.8914,22.2400,8,1299,0,0,34,35
67108864,-1,100,34,-1,455.8914,0.3200,0,0,0,0,-1,-1
1140850688,64,55,34,-1,455.8919,0.7600,8,433,0,0,35,34
1140850688,64,51,34,-1,455.8919,3.8400,8,433,0,0,34,33
67108864,-1,100,34,-1,455.8919,32.5600,0,0,0,0,-1,-1
1140850688,64,55,34,-1,455.8919,2.4400,8,578,0,0,33,34
1140850688,64,51,34,-1,455.8919,2.3600,8,578,0,0,34,35
67108864,-1,100,34,-1,455.8919,0.1600,0,0,0,0,-1,-1
1140850688,64,55,34,-1,455.8919,0.2200,8,255,0,0,38,34
1140850688,64,51,34,-1,455.8919,2.6600,8,255,0,0,34,46
67108864,-1,100,34,-1,455.8919,10.7010,0,0,0,0,-1,-1
1140850688,64,55,34,-1,455.8919,0.2400,8,340,0,0,46,34
1140850688,64,51,34,-1,455.8919,1.6200,8,340,0,0,34,38
67108864,-1,100,34,-1,455.8919,8.0200,0,0,0,0,-1,-1
1140850688,64,55,34,-1,455.8919,0.2400,8,150,0,0,50,34
1140850688,64,51,34,-1,455.8919,1.4600,8,150,0,0,34,18
67108864,-1,100,34,-1,455.8919,6.5000,0,0,0,0,-1,-1
1140850688,64,55,34,-1,455.8919,0.2000,8,200,0,0,18,34
1140850688,64,51,34,-1,455.8919,1.9000,8,200,0,0,34,50
67108864,-1,100,34,-1,455.8920,7.0400,0,0,0,0,-1,-1
1140850688,64,55,34,-1,455.8920,0.2600,8,200,0,0,50,34
1140850688,64,51,34,-1,455.8920,1.6600,8,200,0,0,34,18
67108864,-1,100,34,-1,455.8920,48.9200,0,0,0,0,-1,-1
1140850688,64,55,34,-1,455.8920,0.2000,8,150,0,0,18,34
1140850688,64,51,34,-1,455.8920,1.3000,8,150,0,0,34,50
67108864,-1,100,34,-1,455.8920,1.9000,0,0,0,0,-1,-1
1140850688,64,55,34,-1,455.8920,0.2200,8,340,0,0,38,34
1140850688,64,51,34,-1,455.8920,2.1400,8,340,0,0,34,46
67108864,-1,100,34,-1,455.8920,2.3800,0,0,0,0,-1,-1
1140850688,64,55,34,-1,455.8920,0.3000,8,255,0,0,46,34
1140850688,64,51,34,-1,455.8920,1.6600,8,255,0,0,34,38
67108864,-1,100,34,-1,455.8920,18.4000,0,0,0,0,-1,-1
1140850688,64,55,34,-1,455.8921,2.9200,8,578,0,0,35,34
1140850688,64,51,34,-1,455.8921,2.4600,8,578,0,0,34,33
67108864,-1,100,34,-1,455.8921,0.2200,0,0,0,0,-1,-1
1140850688,64,55,34,-1,455.8921,0.3000,8,433,0,0,33,34
1140850688,64,51,34,-1,455.8921,2.3200,8,433,0,0,34,35
67108864,-1,100,34,-1,455.8921,5.6600,0,0,0,0,-1,-1
1140850688,64,55,34,-1,455.8929,0.7200,8,1299,0,0,35,34
1140850688,64,51,34,-1,455.8929,52.9600,8,1299,0,0,34,33
67108864,-1,100,34,-1,455.8930,26.0000,0,0,0,0,-1,-1
1140850688,64,55,34,-1,455.8930,4.9000,8,1734,0,0,33,34
1140850688,64,51,34,-1,455.8930,20.8400,8,1734,0,0,34,35
67108864,-1,100,34,-1,455.8930,0.3600,0,0,0,0,-1,-1
1140850688,64,55,34,-1,455.8931,1.1200,8,765,0,0,38,34
1140850688,64,51,34,-1,455.8931,4.7200,8,765,0,0,34,46
67108864,-1,100,34,-1,455.8931,4.5600,0,0,0,0,-1,-1
1140850688,64,55,34,-1,455.8931,0.2400,8,1020,0,0,46,34
1140850688,64,51,34,-1,455.8931,2.7600,8,1020,0,0,34,38
67108864,-1,100,34,-1,455.8931,53.1400,0,0,0,0,-1,-1
1140850688,64,55,34,-1,455.8931,0.5200,8,450,0,0,50,34
1140850688,64,51,34,-1,455.8931,2.3800,8,450,0,0,34,18
67108864,-1,100,34,-1,455.8931,14.6000,0,0,0,0,-1,-1
1140850688,64,55,34,-1,455.8932,0.3200,8,600,0,0,18,34
1140850688,64,51,34,-1,455.8932,2.5200,8,600,0,0,34,50
67108864,-1,100,34,-1,455.8932,85.3600,0,0,0,0,-1,-1
1140850688,64,1,34,-1,455.8933,101.8010,8,1,0,0,-1,-1
1140850688,64,1,34,-1,455.8934,52.6600,4,1,0,0,-1,-1
1140850688,64,55,34,-1,455.8935,1.2000,8,600,0,0,50,34
1140850688,64,51,34,-1,455.8935,4.9200,8,600,0,0,34,18
67108864,-1,100,34,-1,455.8935,4.3600,0,0,0,0,-1,-1
1140850688,64,55,34,-1,455.8935,0.2800,8,450,0,0,18,34
1140850688,64,51,34,-1,455.8935,2.0000,8,450,0,0,34,50
67108864,-1,100,34,-1,455.8935,17.9600,0,0,0,0,-1,-1
1140850688,64,55,34,-1,455.8935,0.2400,8,1020,0,0,38,34
1140850688,64,51,34,-1,455.8935,3.6000,8,1020,0,0,34,46
67108864,-1,100,34,-1,455.8935,5.8000,0,0,0,0,-1,-1
1140850688,64,55,34,-1,455.8935,0.6400,8,765,0,0,46,34
1140850688,64,51,34,-1,455.8935,1.9400,8,765,0,0,34,38
67108864,-1,100,34,-1,455.8935,26.2000,0,0,0,0,-1,-1
1140850688,64,55,34,-1,455.8935,0.2200,8,1734,0,0,35,34
1140850688,64,51,34,-1,455.8935,37.3400,8,1734,0,0,34,33
67108864,-1,100,34,-1,455.8936,0.7600,0,0,0,0,-1,-1
1140850688,64,55,34,-1,455.8936,1.0400,8,1299,0,0,33,34
1140850688,64,51,34,-1,455.8936,22.1210,8,1299,0,0,34,35
67108864,-1,100,34,-1,455.8936,0.4800,0,0,0,0,-1,-1
1140850688,64,55,34,-1,455.8941,1.4000,8,433,0,0,35,34
1140850688,64,51,34,-1,455.8941,4.2200,8,433,0,0,34,33
67108864,-1,100,34,-1,455.8941,15.3000,0,0,0,0,-1,-1
1140850688,64,55,34,-1,455.8941,0.2400,8,578,0,0,33,34
1140850688,64,51,34,-1,455.8941,3.0600,8,578,0,0,34,35
67108864,-1,100,34,-1,455.8941,3.3400,0,0,0,0,-1,-1
1140850688,64,55,34,-1,455.8941,0.4200,8,255,0,0,38,34
1140850688,64,51,34,-1,455.8941,8.0200,8,255,0,0,34,46
67108864,-1,100,34,-1,455.8941,3.4000,0,0,0,0,-1,-1
1140850688,64,55,34,-1,455.8941,0.3800,8,340,0,0,46,34
1140850688,64,51,34,-1,455.8941,1.7200,8,340,0,0,34,38
67108864,-1,100,34,-1,455.8941,17.5000,0,0,0,0,-1,-1
1140850688,64,55,34,-1,455.8942,0.2600,8,150,0,0,50,34
1140850688,64,51,34,-1,455.8942,1.6200,8,150,0,0,34,18
67108864,-1,100,34,-1,455.8942,41.7810,0,0,0,0,-1,-1
1140850688,64,55,34,-1,455.8942,0.2600,8,200,0,0,18,34
1140850688,64,51,34,-1,455.8942,1.4800,8,200,0,0,34,50
67108864,-1,100,34,-1,455.8942,2.0200,0,0,0,0,-1,-1
1140850688,64,55,34,-1,455.8942,0.2400,8,200,0,0,50,34
1140850688,64,51,34,-1,455.8942,1.4200,8,200,0,0,34,18
67108864,-1,100,34,-1,455.8942,56.1000,0,0,0,0,-1,-1
1140850688,64,55,34,-1,455.8943,0.2600,8,150,0,0,18,34
1140850688,64,51,34,-1,455.8943,1.5600,8,150,0,0,34,50
67108864,-1,100,34,-1,455.8943,1.7600,0,0,0,0,-1,-1
1140850688,64,55,34,-1,455.8943,0.2400,8,340,0,0,38,34
1140850688,64,51,34,-1,455.8943,1.5200,8,340,0,0,34,46
67108864,-1,100,34,-1,455.8943,20.7200,0,0,0,0,-1,-1
1140850688,64,55,34,-1,455.8943,0.2400,8,255,0,0,46,34
1140850688,64,51,34,-1,455.8943,1.4400,8,255,0,0,34,38
67108864,-1,100,34,-1,455.8943,2.5000,0,0,0,0,-1,-1
1140850688,64,55,34,-1,455.8943,0.2400,8,578,0,0,35,34
1140850688,64,51,34,-1,455.8943,2.5400,8,578,0,0,34,33
67108864,-1,100,34,-1,455.8943,11.1400,0,0,0,0,-1,-1
1140850688,64,55,34,-1,455.8943,0.2800,8,433,0,0,33,34
1140850688,64,51,34,-1,455.8943,1.9800,8,433,0,0,34,35
67108864,-1,100,34,-1,455.8943,11.0200,0,0,0,0,-1,-1
1140850688,64,55,34,-1,455.8952,1.2400,8,1299,0,0,35,34
1140850688,64,51,34,-1,455.8952,65.0800,8,1299,0,0,34,33
67108864,-1,100,34,-1,455.8953,1.5200,0,0,0,0,-1,-1
1140850688,64,55,34,-1,455.8953,1.2800,8,1734,0,0,33,34
1140850688,64,51,34,-1,455.8953,28.0810,8,1734,0,0,34,35
67108864,-1,100,34,-1,455.8953,0.5800,0,0,0,0,-1,-1
1140850688,64,55,34,-1,455.8953,3.6400,8,765,0,0,38,34
1140850688,64,51,34,-1,455.8953,5.3800,8,765,0,0,34,46
67108864,-1,100,34,-1,455.8954,0.1600,0,0,0,0,-1,-1
1140850688,64,55,34,-1,455.8954,0.8200,8,1020,0,0,46,34
1140850688,64,51,34,-1,455.8954,4.8200,8,1020,0,0,34,38
67108864,-1,100,34,-1,455.8954,38.7800,0,0,0,0,-1,-1
1140850688,64,55,34,-1,455.8954,0.2600,8,450,0,0,50,34
1140850688,64,51,34,-1,455.8954,1.8000,8,450,0,0,34,18
67108864,-1,100,34,-1,455.8954,15.0000,0,0,0,0,-1,-1
1140850688,64,55,34,-1,455.8954,0.3400,8,600,0,0,18,34
1140850688,64,51,34,-1,455.8954,2.2200,8,600,0,0,34,50
67108864,-1,100,34,-1,455.8954,80.4600,0,0,0,0,-1,-1
1140850688,64,1,34,-1,455.8955,71.9210,8,1,0,0,-1,-1
1140850688,64,1,34,-1,455.8956,54.6200,4,1,0,0,-1,-1
1140850688,64,55,34,-1,455.8957,0.8000,8,600,0,0,50,34
1140850688,64,51,34,-1,455.8957,5.2800,8,600,0,0,34,18
67108864,-1,100,34,-1,455.8957,5.6600,0,0,0,0,-1,-1
1140850688,64,55,34,-1,455.8957,0.4200,8,450,0,0,18,34
1140850688,64,51,34,-1,455.8957,2.7400,8,450,0,0,34,50
67108864,-1,100,34,-1,455.8957,13.2400,0,0,0,0,-1,-1
1140850688,64,55,34,-1,455.8957,0.2600,8,1020,0,0,38,34
1140850688,64,51,34,-1,455.8957,3.6400,8,1020,0,0,34,46
67108864,-1,100,34,-1,455.8957,4.9000,0,0,0,0,-1,-1
1140850688,64,55,34,-1,455.8957,0.3000,8,765,0,0,46,34
1140850688,64,51,34,-1,455.8957,1.7600,8,765,0,0,34,38
67108864,-1,100,34,-1,455.8957,21.7600,0,0,0,0,-1,-1
1140850688,64,55,34,-1,455.8958,0.2200,8,1734,0,0,35,34
1140850688,64,51,34,-1,455.8958,40.2200,8,1734,0,0,34,33
67108864,-1,100,34,-1,455.8958,0.4800,0,0,0,0,-1,-1
1140850688,64,55,34,-1,455.8958,1.4800,8,1299,0,0,33,34
1140850688,64,51,34,-1,455.8958,38.5600,8,1299,0,0,34,35
67108864,-1,100,34,-1,455.8959,0.4200,0,0,0,0,-1,-1
1140850688,64,55,34,-1,455.8963,0.9400,8,433,0,0,35,34
1140850688,64,51,34,-1,455.8963,4.0800,8,433,0,0,34,33
67108864,-1,100,34,-1,455.8963,31.5200,0,0,0,0,-1,-1
1140850688,64,55,34,-1,455.8964,3.9400,8,578,0,0,33,34
1140850688,64,51,34,-1,455.8964,3.2200,8,578,0,0,34,35
67108864,-1,100,34,-1,455.8964,0.1400,0,0,0,0,-1,-1
1140850688,64,55,34,-1,455.8964,0.7200,8,255,0,0,38,34
1140850688,64,51,34,-1,455.8964,2.5200,8,255,0,0,34,46
67108864,-1,100,34,-1,455.8964,0.1400,0,0,0,0,-1,-1
1140850688,64,55,34,-1,455.8964,0.2200,8,340,0,0,46,34
1140850688,64,51,34,-1,455.8964,1.6200,8,340,0,0,34,38
67108864,-1,100,34,-1,455.8964,22.0000,0,0,0,0,-1,-1
1140850688,64,55,34,-1,455.8964,0.4000,8,150,0,0,50,34
1140850688,64,51,34,-1,455.8964,1.6600,8,150,0,0,34,18
67108864,-1,100,34,-1,455.8964,0.1400,0,0,0,0,-1,-1
1140850688,64,55,34,-1,455.8964,0.1800,8,200,0,0,18,34
1140850688,64,51,34,-1,455.8964,1.4600,8,200,0,0,34,50
67108864,-1,100,34,-1,455.8964,16.1210,0,0,0,0,-1,-1
1140850688,64,55,34,-1,455.8964,0.2800,8,200,0,0,50,34
1140850688,64,51,34,-1,455.8964,6.6800,8,200,0,0,34,18
67108864,-1,100,34,-1,455.8965,19.6200,0,0,0,0,-1,-1
1140850688,64,55,34,-1,455.8965,0.4000,8,150,0,0,18,34
1140850688,64,51,34,-1,455.8965,1.2800,8,150,0,0,34,50
67108864,-1,100,34,-1,455.8965,1.7800,0,0,0,0,-1,-1
1140850688,64,55,34,-1,455.8965,0.3200,8,340,0,0,38,34
1140850688,64,51,34,-1,455.8965,1.8000,8,340,0,0,34,46
67108864,-1,100,34,-1,455.8965,2.9000,0,0,0,0,-1,-1
1140850688,64,55,34,-1,455.8965,0.2400,8,255,0,0,46,34
1140850688,64,51,34,-1,455.8965,1.7200,8,255,0,0,34,38
67108864,-1,100,34,-1,455.8965,22.1200,0,0,0,0,-1,-1
1140850688,64,55,34,-1,455.8965,0.2400,8,578,0,0,35,34
1140850688,64,51,34,-1,455.8965,2.6800,8,578,0,0,34,33
67108864,-1,100,34,-1,455.8965,3.3600,0,0,0,0,-1,-1
1140850688,64,55,34,-1,455.8965,0.2200,8,433,0,0,33,34
1140850688,64,51,34,-1,455.8965,1.8400,8,433,0,0,34,35
67108864,-1,100,34,-1,455.8965,2.4200,0,0,0,0,-1,-1
1140850688,64,55,34,-1,455.8974,0.9800,8,1299,0,0,35,34
1140850688,64,51,34,-1,455.8974,108.9000,8,1299,0,0,34,33
67108864,-1,100,34,-1,455.8975,1.2000,0,0,0,0,-1,-1
1140850688,64,55,34,-1,455.8975,1.1800,8,1734,0,0,33,34
1140850688,64,51,34,-1,455.8975,31.8800,8,1734,0,0,34,35
67108864,-1,100,34,-1,455.8976,0.4200,0,0,0,0,-1,-1
1140850688,64,55,34,-1,455.8976,3.1410,8,765,0,0,38,34
1140850688,64,51,34,-1,455.8976,3.7400,8,765,0,0,34,46
67108864,-1,100,34,-1,455.8976,0.1200,0,0,0,0,-1,-1
1140850688,64,55,34,-1,455.8976,0.3000,8,1020,0,0,46,34
1140850688,64,51,34,-1,455.8976,3.7000,8,1020,0,0,34,38
67108864,-1,100,34,-1,455.8976,38.5600,0,0,0,0,-1,-1
1140850688,64,55,34,-1,455.8976,0.2400,8,450,0,0,50,34
1140850688,64,51,34,-1,455.8976,2.2000,8,450,0,0,34,18
67108864,-1,100,34,-1,455.8976,37.7400,0,0,0,0,-1,-1
1140850688,64,55,34,-1,455.8977,0.2600,8,600,0,0,18,34
1140850688,64,51,34,-1,455.8977,2.2200,8,600,0,0,34,50
67108864,-1,100,34,-1,455.8977,29.1000,0,0,0,0,-1,-1
1140850688,64,1,34,-1,455.8977,110.1600,8,1,0,0,-1,-1
1140850688,64,1,34,-1,455.8979,58.3000,4,1,0,0,-1,-1
1140850688,64,55,34,-1,455.8979,0.7400,8,600,0,0,50,34
1140850688,64,51,34,-1,455.8979,3.6800,8,600,0,0,34,18
67108864,-1,100,34,-1,455.8979,4.6800,0,0,0,0,-1,-1
1140850688,64,55,34,-1,455.8979,0.3000,8,450,0,0,18,34
1140850688,64,51,34,-1,455.8979,1.6400,8,450,0,0,34,50
67108864,-1,100,34,-1,455.8979,15.0200,0,0,0,0,-1,-1
1140850688,64,55,34,-1,455.8979,0.3000,8,1020,0,0,38,34
1140850688,64,51,34,-1,455.8980,3.8800,8,1020,0,0,34,46
67108864,-1,100,34,-1,455.8980,6.1800,0,0,0,0,-1,-1
1140850688,64,55,34,-1,455.8980,0.5400,8,765,0,0,46,34
1140850688,64,51,34,-1,455.8980,2.0000,8,765,0,0,34,38
67108864,-1,100,34,-1,455.8980,24.9400,0,0,0,0,-1,-1
1140850688,64,55,34,-1,455.8980,0.2400,8,1734,0,0,35,34
1140850688,64,51,34,-1,455.8980,35.9600,8,1734,0,0,34,33
67108864,-1,100,34,-1,455.8980,0.5400,0,0,0,0,-1,-1
1140850688,64,55,34,-1,455.8980,0.6800,8,1299,0,0,33,34
1140850688,64,51,34,-1,455.8980,19.3200,8,1299,0,0,34,35
67108864,-1,100,34,-1,455.8981,0.2600,0,0,0,0,-1,-1
1140850688,64,55,34,-1,455.8985,1.3600,8,433,0,0,35,34
1140850688,64,51,34,-1,455.8985,3.3400,8,433,0,0,34,33
67108864,-1,100,34,-1,455.8985,24.8400,0,0,0,0,-1,-1
1140850688,64,55,34,-1,455.8986,2.9200,8,578,0,0,33,34
1140850688,64,51,34,-1,455.8986,3.2600,8,578,0,0,34,35
67108864,-1,100,34,-1,455.8986,0.1400,0,0,0,0,-1,-1
1140850688,64,55,34,-1,455.8986,0.2600,8,255,0,0,38,34
1140850688,64,51,34,-1,455.8986,2.0400,8,255,0,0,34,46
67108864,-1,100,34,-1,455.8986,3.1600,0,0,0,0,-1,-1
1140850688,64,55,34,-1,455.8986,0.2600,8,340,0,0,46,34
1140850688,64,51,34,-1,455.8986,1.9200,8,340,0,0,34,38
67108864,-1,100,34,-1,455.8986,15.6000,0,0,0,0,-1,-1
1140850688,64,55,34,-1,455.8986,0.2200,8,150,0,0,50,34
1140850688,64,51,34,-1,455.8986,1.3200,8,150,0,0,34,18
67108864,-1,100,34,-1,455.8986,2.0600,0,0,0,0,-1,-1
1140850688,64,55,34,-1,455.8986,0.2200,8,200,0,0,18,34
1140850688,64,51,34,-1,455.8986,2.6400,8,200,0,0,34,50
67108864,-1,100,34,-1,455.8986,12.1600,0,0,0,0,-1,-1
1140850688,64,55,34,-1,455.8986,0.2400,8,200,0,0,50,34
1140850688,64,51,34,-1,455.8986,1.5200,8,200,0,0,34,18
67108864,-1,100,34,-1,455.8986,37.2000,0,0,0,0,-1,-1
1140850688,64,55,34,-1,455.8987,0.2200,8,150,0,0,18,34
1140850688,64,51,34,-1,455.8987,1.2800,8,150,0,0,34,50
67108864,-1,100,34,-1,455.8987,1.8800,0,0,0,0,-1,-1
1140850688,64,55,34,-1,455.8987,0.5800,8,340,0,0,38,34
1140850688,64,51,34,-1,455.8987,3.1400,8,340,0,0,34,46
67108864,-1,100,34,-1,455.8987,3.4600,0,0,0,0,-1,-1
1140850688,64,55,34,-1,455.8987,0.2400,8,255,0,0,46,34
1140850688,64,51,34,-1,455.8987,1.5200,8,255,0,0,34,38
67108864,-1,100,34,-1,455.8987,14.5200,0,0,0,0,-1,-1
1140850688,64,55,34,-1,455.8987,0.2200,8,578,0,0,35,34
1140850688,64,51,34,-1,455.8987,2.5200,8,578,0,0,34,33
67108864,-1,100,34,-1,455.8987,82.2200,0,0,0,0,-1,-1
1140850688,64,55,34,-1,455.8988,1.6000,8,433,0,0,33,34
1140850688,64,51,34,-1,455.8988,2.4400,8,433,0,0,34,35
67108864,-1,100,34,-1,455.8988,0.1400,0,0,0,0,-1,-1
1140850688,64,55,34,-1,455.9001,1.0600,8,1299,0,0,35,34
1140850688,64,51,34,-1,455.9001,38.6600,8,1299,0,0,34,33
67108864,-1,100,34,-1,455.9002,64.2200,0,0,0,0,-1,-1
1140850688,64,55,34,-1,455.9003,1.0200,8,1734,0,0,33,34
1140850688,64,51,34,-1,455.9003,24.0600,8,1734,0,0,34,35
67108864,-1,100,34,-1,455.9003,0.4400,0,0,0,0,-1,-1
1140850688,64,55,34,-1,455.9003,0.8800,8,765,0,0,38,34
1140850688,64,51,34,-1,455.9003,3.8000,8,765,0,0,34,46
67108864,-1,100,34,-1,455.9003,32.7800,0,0,0,0,-1,-1
1140850688,64,55,34,-1,455.9003,0.2400,8,1020,0,0,46,34
1140850688,64,51,34,-1,455.9003,2.8400,8,1020,0,0,34,38
67108864,-1,100,34,-1,455.9003,24.6200,0,0,0,0,-1,-1
1140850688,64,55,34,-1,455.9004,0.4400,8,450,0,0,50,34
1140850688,64,51,34,-1,455.9004,2.8600,8,450,0,0,34,18
67108864,-1,100,34,-1,455.9004,69.3810,0,0,0,0,-1,-1
1140850688,64,55,34,-1,455.9004,0.2200,8,600,0,0,18,34
1140850688,64,51,34,-1,455.9004,2.6600,8,600,0,0,34,50
67108864,-1,100,34,-1,455.9004,61.0000,0,0,0,0,-1,-1
1140850688,64,1,34,-1,455.9005,166.9210,8,1,0,0,-1,-1
1140850688,64,1,34,-1,455.9007,45.8400,8,2,0,0,-1,-1
1140850688,64,1,34,-1,455.9007,38.9800,8,1,0,0,-1,-1
1140850688,64,1,34,-1,455.9008,34.4600,8,6,0,0,-1,-1
1140850688,64,1,34,-1,455.9008,38.5000,8,6,0,0,-1,-1
1140850688,64,1,34,-1,455.9009,43.4800,8,1,0,0,-1,-1
1140850688,64,7,34,-1,455.9009,261.0010,0,0,0,0,-1,-1
1140850688,64,1,34,-1,455.9012,144.6200,8,1,0,0,-1,-1
1140850688,64,1,34,-1,455.9015,56.1210,8,1,0,0,-1,-1
1140850688,64,1,34,-1,455.9015,45.0800,8,1,0,0,-1,-1
1140850688,64,1,34,-1,455.9016,479.3010,8,1,0,0,-1,-1
1140850688,64,1,34,-1,455.9020,49.4410,8,1,0,0,-1,-1
1140850688,64,1,34,-1,455.9021,32.8600,8,1,0,0,-1,-1
1140850688,64,1,34,-1,455.9021,53.6200,8,1,0,0,-1,-1
1140850688,64,1,34,-1,455.9022,32.3600,8,1,0,0,-1,-1
1140850688,64,1,34,-1,455.9022,128.1200,8,1,0,0,-1,-1
1140850688,64,1,34,-1,455.9023,41.0210,8,1,0,0,-1,-1
1140850688,64,1,34,-1,455.9024,34.3200,8,1,0,0,-1,-1
1140850688,64,1,34,-1,455.9024,35.3800,8,1,0,0,-1,-1
1140850688,64,1,34,-1,455.9025,29.8200,8,1,0,0,-1,-1
1140850688,64,1,34,-1,455.9025,99.9400,8,1,0,0,-1,-1
1140850688,64,1,34,-1,455.9026,48.9000,8,1,0,0,-1,-1
1140850688,64,1,34,-1,455.9026,32.0810,8,1,0,0,-1,-1
1140850688,64,1,34,-1,455.9027,42.0200,8,1,0,0,-1,-1
1140850688,64,1,34,-1,455.9027,29.8600,8,1,0,0,-1,-1
1140850688,64,1,34,-1,455.9027,106.4400,8,1,0,0,-1,-1
1140850688,64,1,34,-1,455.9028,54.1000,8,1,0,0,-1,-1
1140850688,64,1,34,-1,455.9029,29.4810,8,1,0,0,-1,-1
1140850688,64,1,34,-1,455.9029,39.7200,8,1,0,0,-1,-1
1140850688,64,1,34,-1,455.9030,34.5600,8,1,0,0,-1,-1
1140850688,64,1,34,-1,455.9030,91.4600,8,1,0,0,-1,-1
1140850688,64,1,34,-1,455.9031,52.2600,8,1,0,0,-1,-1
1140850688,64,1,34,-1,455.9032,25.9000,8,1,0,0,-1,-1
1140850688,64,1,34,-1,455.9032,36.0610,8,1,0,0,-1,-1
1140850688,64,1,34,-1,455.9032,38.0800,8,1,0,0,-1,-1
1140850688,64,1,34,-1,455.9033,92.1400,8,1,0,0,-1,-1
1140850688,64,1,34,-1,455.9033,100.5200,4,1,0,0,-1,-1
1140850688,64,1,34,-1,455.9034,46.1610,8,1,0,0,-1,-1
1140850688,64,1,34,-1,455.9035,30.2400,8,1,0,0,-1,-1
1140850688,64,1,34,-1,455.9035,40.3400,8,1,0,0,-1,-1
1140850688,64,1,34,-1,455.9036,35.3200,4,10,0,0,-1,-1
1140850688,64,1,34,-1,455.9036,39.9000,4,1,0,0,-1,-1
1140850688,64,1,34,-1,455.9076,5555.1400,8,1,0,0,-1,-1
1140850688,64,1,34,-1,455.9132,65.7000,8,1,0,0,-1,-1
1140850688,64,1,34,-1,455.9133,27.2200,8,1,0,0,-1,-1
1140850688,64,1,34,-1,455.9133,71.5800,4,10,0,0,-1,-1
1140850688,64,1,34,-1,455.9134,36.3200,4,1,0,0,-1,-1
1140850688,64,1,34,-1,455.9134,56.5400,8,1,0,0,-1,-1
1140850688,64,1,34,-1,455.9135,31.8600,8,1,0,0,-1,-1
1140850688,64,1,34,-1,455.9135,37.3000,8,1,0,0,-1,-1
1140850688,64,1,34,-1,455.9135,38.1000,4,10,0,0,-1,-1
1140850688,64,1,34,-1,455.9136,36.7600,4,1,0,0,-1,-1
1140850688,64,1,34,-1,455.9136,34.1600,8,1,0,0,-1,-1
1140850688,64,1,34,-1,455.9136,35.9810,8,1,0,0,-1,-1
1140850688,64,1,34,-1,455.9137,32.2600,8,1,0,0,-1,-1
1140850688,64,1,34,-1,455.9137,46.0600,4,10,0,0,-1,-1
1140850688,64,1,34,-1,455.9138,71.8600,8,1,0,0,-1,-1
1140850688,64,0,34,0,455.9138,789.9030,4,1,0,0,-1,-1
1140850688,64,0,34,0,455.9146,7.4000,1,1,0,0,-1,-1
1140850688,64,0,34,0,455.9146,85.7200,4,1,0,0,-1,-1
1140850688,64,7,34,-1,455.9183,304.6010,0,0,0,0,-1,-1
