node_num,16
node_list,cn[22179-22180,25152-25165]
proc_num,64
iteration,10
atom,1000
mode,default
ucx_rndv_thresh,Default
ucx_bcopy_thresh,Default
ucx_zcopy_thresh,Default
5,89,0.14581874,107,0.02245054,0,0.00000000,3,0.00124766,0,0.00000000,0,0.00000000,0,0.00000000,5,0.00537661,12,0.00231989,276,0.00385441,0,0.00000000,0,0.00000000,0,0.00000000,276,0.00093490,0,0.00000000,0,0.00000000,276,0.00589253,0,0.00000000,0,0.00000000,0,0.00000000,0,0.00000000,0,0.00000000,0,0.00000000,0,0.00000000,0,0.00000000,0,0.00000000,0,0.00000000,0,0.00000000,0,0.00000000,0,0.00000000,0,0.00000000,0,0.00000000,0.18789529
62,89,0.15045309,107,0.02100392,0,0.00000000,3,0.00199508,0,0.00000000,0,0.00000000,0,0.00000000,5,0.00598315,12,0.00277786,276,0.00358455,0,0.00000000,0,0.00000000,0,0.00000000,276,0.00092160,0,0.00000000,0,0.00000000,276,0.00614789,0,0.00000000,0,0.00000000,0,0.00000000,0,0.00000000,0,0.00000000,0,0.00000000,0,0.00000000,0,0.00000000,0,0.00000000,0,0.00000000,0,0.00000000,0,0.00000000,0,0.00000000,0,0.00000000,0,0.00000000,0.19286714
51,89,0.14192254,107,0.02280465,0,0.00000000,3,0.00006410,0,0.00000000,0,0.00000000,0,0.00000000,5,0.00591437,12,0.00210740,276,0.00342763,0,0.00000000,0,0.00000000,0,0.00000000,276,0.00021470,0,0.00000000,0,0.00000000,276,0.00693547,0,0.00000000,0,0.00000000,0,0.00000000,0,0.00000000,0,0.00000000,0,0.00000000,0,0.00000000,0,0.00000000,0,0.00000000,0,0.00000000,0,0.00000000,0,0.00000000,0,0.00000000,0,0.00000000,0,0.00000000,0.18339086
34,89,0.14825490,107,0.02253996,0,0.00000000,3,0.00081484,0,0.00000000,0,0.00000000,0,0.00000000,5,0.00428109,12,0.00169515,276,0.00408397,0,0.00000000,0,0.00000000,0,0.00000000,276,0.00109676,0,0.00000000,0,0.00000000,276,0.00694942,0,0.00000000,0,0.00000000,0,0.00000000,0,0.00000000,0,0.00000000,0,0.00000000,0,0.00000000,0,0.00000000,0,0.00000000,0,0.00000000,0,0.00000000,0,0.00000000,0,0.00000000,0,0.00000000,0,0.00000000,0.18971611
56,89,0.14952094,107,0.02194618,0,0.00000000,3,0.00203588,0,0.00000000,0,0.00000000,0,0.00000000,5,0.00527111,12,0.00240893,276,0.00433473,0,0.00000000,0,0.00000000,0,0.00000000,276,0.00103836,0,0.00000000,0,0.00000000,276,0.00622051,0,0.00000000,0,0.00000000,0,0.00000000,0,0.00000000,0,0.00000000,0,0.00000000,0,0.00000000,0,0.00000000,0,0.00000000,0,0.00000000,0,0.00000000,0,0.00000000,0,0.00000000,0,0.00000000,0,0.00000000,0.19277665
17,89,0.14618678,107,0.02455445,0,0.00000000,3,0.00006154,0,0.00000000,0,0.00000000,0,0.00000000,5,0.00518156,12,0.00185859,276,0.00347398,0,0.00000000,0,0.00000000,0,0.00000000,276,0.00022688,0,0.00000000,0,0.00000000,276,0.00749182,0,0.00000000,0,0.00000000,0,0.00000000,0,0.00000000,0,0.00000000,0,0.00000000,0,0.00000000,0,0.00000000,0,0.00000000,0,0.00000000,0,0.00000000,0,0.00000000,0,0.00000000,0,0.00000000,0,0.00000000,0.18903560
25,89,0.14701868,107,0.02366071,0,0.00000000,3,0.00044588,0,0.00000000,0,0.00000000,0,0.00000000,5,0.00396770,12,0.00198336,276,0.00383826,0,0.00000000,0,0.00000000,0,0.00000000,276,0.00020704,0,0.00000000,0,0.00000000,276,0.00729371,0,0.00000000,0,0.00000000,0,0.00000000,0,0.00000000,0,0.00000000,0,0.00000000,0,0.00000000,0,0.00000000,0,0.00000000,0,0.00000000,0,0.00000000,0,0.00000000,0,0.00000000,0,0.00000000,0,0.00000000,0.18841536
43,89,0.14935903,107,0.02392207,0,0.00000000,3,0.00109740,0,0.00000000,0,0.00000000,0,0.00000000,5,0.00475722,12,0.00201179,276,0.00381788,0,0.00000000,0,0.00000000,0,0.00000000,276,0.00096012,0,0.00000000,0,0.00000000,276,0.00574030,0,0.00000000,0,0.00000000,0,0.00000000,0,0.00000000,0,0.00000000,0,0.00000000,0,0.00000000,0,0.00000000,0,0.00000000,0,0.00000000,0,0.00000000,0,0.00000000,0,0.00000000,0,0.00000000,0,0.00000000,0.19166581
9,89,0.14482636,107,0.02212623,0,0.00000000,3,0.00006270,0,0.00000000,0,0.00000000,0,0.00000000,5,0.00569756,12,0.00264497,276,0.00484242,0,0.00000000,0,0.00000000,0,0.00000000,276,0.00117574,0,0.00000000,0,0.00000000,276,0.00460278,0,0.00000000,0,0.00000000,0,0.00000000,0,0.00000000,0,0.00000000,0,0.00000000,0,0.00000000,0,0.00000000,0,0.00000000,0,0.00000000,0,0.00000000,0,0.00000000,0,0.00000000,0,0.00000000,0,0.00000000,0.18597875
2,89,0.14500343,107,0.02243301,0,0.00000000,3,0.00010914,0,0.00000000,0,0.00000000,0,0.00000000,5,0.00471747,12,0.00317423,276,0.00363775,0,0.00000000,0,0.00000000,0,0.00000000,276,0.00022458,0,0.00000000,0,0.00000000,276,0.00638512,0,0.00000000,0,0.00000000,0,0.00000000,0,0.00000000,0,0.00000000,0,0.00000000,0,0.00000000,0,0.00000000,0,0.00000000,0,0.00000000,0,0.00000000,0,0.00000000,0,0.00000000,0,0.00000000,0,0.00000000,0.18568472
31,89,0.15160031,107,0.02186405,0,0.00000000,3,0.00075674,0,0.00000000,0,0.00000000,0,0.00000000,5,0.00279869,12,0.00208693,276,0.00376807,0,0.00000000,0,0.00000000,0,0.00000000,276,0.00087614,0,0.00000000,0,0.00000000,276,0.00535151,0,0.00000000,0,0.00000000,0,0.00000000,0,0.00000000,0,0.00000000,0,0.00000000,0,0.00000000,0,0.00000000,0,0.00000000,0,0.00000000,0,0.00000000,0,0.00000000,0,0.00000000,0,0.00000000,0,0.00000000,0.18910244
14,89,0.14999145,107,0.02245821,0,0.00000000,3,0.00092280,0,0.00000000,0,0.00000000,0,0.00000000,5,0.00568819,12,0.00267851,276,0.00482881,0,0.00000000,0,0.00000000,0,0.00000000,276,0.00114524,0,0.00000000,0,0.00000000,276,0.00533113,0,0.00000000,0,0.00000000,0,0.00000000,0,0.00000000,0,0.00000000,0,0.00000000,0,0.00000000,0,0.00000000,0,0.00000000,0,0.00000000,0,0.00000000,0,0.00000000,0,0.00000000,0,0.00000000,0,0.00000000,0.19304435
47,89,0.14874254,107,0.02326295,0,0.00000000,3,0.00084342,0,0.00000000,0,0.00000000,0,0.00000000,5,0.00595745,12,0.00183159,276,0.00394354,0,0.00000000,0,0.00000000,0,0.00000000,276,0.00105576,0,0.00000000,0,0.00000000,276,0.00578916,0,0.00000000,0,0.00000000,0,0.00000000,0,0.00000000,0,0.00000000,0,0.00000000,0,0.00000000,0,0.00000000,0,0.00000000,0,0.00000000,0,0.00000000,0,0.00000000,0,0.00000000,0,0.00000000,0,0.00000000,0.19142642
52,89,0.14997248,107,0.02177832,0,0.00000000,3,0.00192784,0,0.00000000,0,0.00000000,0,0.00000000,5,0.00491273,12,0.00217548,276,0.00449037,0,0.00000000,0,0.00000000,0,0.00000000,276,0.00087258,0,0.00000000,0,0.00000000,276,0.00556161,0,0.00000000,0,0.00000000,0,0.00000000,0,0.00000000,0,0.00000000,0,0.00000000,0,0.00000000,0,0.00000000,0,0.00000000,0,0.00000000,0,0.00000000,0,0.00000000,0,0.00000000,0,0.00000000,0,0.00000000,0.19169142
21,89,0.14727084,107,0.02344404,0,0.00000000,3,0.00005216,0,0.00000000,0,0.00000000,0,0.00000000,5,0.00528623,12,0.00268512,276,0.00404179,0,0.00000000,0,0.00000000,0,0.00000000,276,0.00024850,0,0.00000000,0,0.00000000,276,0.00568633,0,0.00000000,0,0.00000000,0,0.00000000,0,0.00000000,0,0.00000000,0,0.00000000,0,0.00000000,0,0.00000000,0,0.00000000,0,0.00000000,0,0.00000000,0,0.00000000,0,0.00000000,0,0.00000000,0,0.00000000,0.18871501
38,89,0.14887882,107,0.02417162,0,0.00000000,3,0.00007956,0,0.00000000,0,0.00000000,0,0.00000000,5,0.00500336,12,0.00205599,276,0.00361068,0,0.00000000,0,0.00000000,0,0.00000000,276,0.00019030,0,0.00000000,0,0.00000000,276,0.00692959,0,0.00000000,0,0.00000000,0,0.00000000,0,0.00000000,0,0.00000000,0,0.00000000,0,0.00000000,0,0.00000000,0,0.00000000,0,0.00000000,0,0.00000000,0,0.00000000,0,0.00000000,0,0.00000000,0,0.00000000,0.19091991
4,89,0.14466592,107,0.02228916,0,0.00000000,3,0.00129846,0,0.00000000,0,0.00000000,0,0.00000000,5,0.00560239,12,0.00228341,276,0.00421020,0,0.00000000,0,0.00000000,0,0.00000000,276,0.00098882,0,0.00000000,0,0.00000000,276,0.00586423,0,0.00000000,0,0.00000000,0,0.00000000,0,0.00000000,0,0.00000000,0,0.00000000,0,0.00000000,0,0.00000000,0,0.00000000,0,0.00000000,0,0.00000000,0,0.00000000,0,0.00000000,0,0.00000000,0,0.00000000,0.18720259
61,89,0.15070037,107,0.02113522,0,0.00000000,3,0.00195432,0,0.00000000,0,0.00000000,0,0.00000000,5,0.00577755,12,0.00278290,276,0.00370089,0,0.00000000,0,0.00000000,0,0.00000000,276,0.00088018,0,0.00000000,0,0.00000000,276,0.00606477,0,0.00000000,0,0.00000000,0,0.00000000,0,0.00000000,0,0.00000000,0,0.00000000,0,0.00000000,0,0.00000000,0,0.00000000,0,0.00000000,0,0.00000000,0,0.00000000,0,0.00000000,0,0.00000000,0,0.00000000,0.19299620
50,89,0.14554865,107,0.01731690,0,0.00000000,3,0.00009220,0,0.00000000,0,0.00000000,0,0.00000000,5,0.00603621,12,0.00210872,276,0.00363935,0,0.00000000,0,0.00000000,0,0.00000000,276,0.00027490,0,0.00000000,0,0.00000000,276,0.00743887,0,0.00000000,0,0.00000000,0,0.00000000,0,0.00000000,0,0.00000000,0,0.00000000,0,0.00000000,0,0.00000000,0,0.00000000,0,0.00000000,0,0.00000000,0,0.00000000,0,0.00000000,0,0.00000000,0,0.00000000,0.18245580
33,89,0.14746804,107,0.02313193,0,0.00000000,3,0.00080922,0,0.00000000,0,0.00000000,0,0.00000000,5,0.00418536,12,0.00193513,276,0.00421026,0,0.00000000,0,0.00000000,0,0.00000000,276,0.00109696,0,0.00000000,0,0.00000000,276,0.00642788,0,0.00000000,0,0.00000000,0,0.00000000,0,0.00000000,0,0.00000000,0,0.00000000,0,0.00000000,0,0.00000000,0,0.00000000,0,0.00000000,0,0.00000000,0,0.00000000,0,0.00000000,0,0.00000000,0,0.00000000,0.18926477
59,89,0.14940626,107,0.02324038,0,0.00000000,3,0.00043632,0,0.00000000,0,0.00000000,0,0.00000000,5,0.00500245,12,0.00235363,276,0.00353163,0,0.00000000,0,0.00000000,0,0.00000000,276,0.00099274,0,0.00000000,0,0.00000000,276,0.00593071,0,0.00000000,0,0.00000000,0,0.00000000,0,0.00000000,0,0.00000000,0,0.00000000,0,0.00000000,0,0.00000000,0,0.00000000,0,0.00000000,0,0.00000000,0,0.00000000,0,0.00000000,0,0.00000000,0,0.00000000,0.19089412
19,89,0.14731481,107,0.02379693,0,0.00000000,3,0.00006668,0,0.00000000,0,0.00000000,0,0.00000000,5,0.00490712,12,0.00181831,276,0.00429108,0,0.00000000,0,0.00000000,0,0.00000000,276,0.00022038,0,0.00000000,0,0.00000000,276,0.00675535,0,0.00000000,0,0.00000000,0,0.00000000,0,0.00000000,0,0.00000000,0,0.00000000,0,0.00000000,0,0.00000000,0,0.00000000,0,0.00000000,0,0.00000000,0,0.00000000,0,0.00000000,0,0.00000000,0,0.00000000,0.18917066
27,89,0.14899240,107,0.02275429,0,0.00000000,3,0.00041608,0,0.00000000,0,0.00000000,0,0.00000000,5,0.00418543,12,0.00201398,276,0.00362706,0,0.00000000,0,0.00000000,0,0.00000000,276,0.00022424,0,0.00000000,0,0.00000000,276,0.00727073,0,0.00000000,0,0.00000000,0,0.00000000,0,0.00000000,0,0.00000000,0,0.00000000,0,0.00000000,0,0.00000000,0,0.00000000,0,0.00000000,0,0.00000000,0,0.00000000,0,0.00000000,0,0.00000000,0,0.00000000,0.18948422
42,89,0.14908592,107,0.02213248,0,0.00000000,3,0.00114646,0,0.00000000,0,0.00000000,0,0.00000000,5,0.00487620,12,0.00204575,276,0.00397322,0,0.00000000,0,0.00000000,0,0.00000000,276,0.00101080,0,0.00000000,0,0.00000000,276,0.00572620,0,0.00000000,0,0.00000000,0,0.00000000,0,0.00000000,0,0.00000000,0,0.00000000,0,0.00000000,0,0.00000000,0,0.00000000,0,0.00000000,0,0.00000000,0,0.00000000,0,0.00000000,0,0.00000000,0,0.00000000,0.18999703
11,89,0.14590662,107,0.02420791,0,0.00000000,3,0.00006640,0,0.00000000,0,0.00000000,0,0.00000000,5,0.00569162,12,0.00260773,276,0.00348797,0,0.00000000,0,0.00000000,0,0.00000000,276,0.00114644,0,0.00000000,0,0.00000000,276,0.00466660,0,0.00000000,0,0.00000000,0,0.00000000,0,0.00000000,0,0.00000000,0,0.00000000,0,0.00000000,0,0.00000000,0,0.00000000,0,0.00000000,0,0.00000000,0,0.00000000,0,0.00000000,0,0.00000000,0,0.00000000,0.18778130
1,89,0.14509855,107,0.02360926,0,0.00000000,3,0.00007578,0,0.00000000,0,0.00000000,0,0.00000000,5,0.00456785,12,0.00332459,276,0.00397129,0,0.00000000,0,0.00000000,0,0.00000000,276,0.00023292,0,0.00000000,0,0.00000000,276,0.00653073,0,0.00000000,0,0.00000000,0,0.00000000,0,0.00000000,0,0.00000000,0,0.00000000,0,0.00000000,0,0.00000000,0,0.00000000,0,0.00000000,0,0.00000000,0,0.00000000,0,0.00000000,0,0.00000000,0,0.00000000,0.18741096
30,89,0.15004286,107,0.02281473,0,0.00000000,3,0.00078070,0,0.00000000,0,0.00000000,0,0.00000000,5,0.00339328,12,0.00210473,276,0.00423926,0,0.00000000,0,0.00000000,0,0.00000000,276,0.00090658,0,0.00000000,0,0.00000000,276,0.00603317,0,0.00000000,0,0.00000000,0,0.00000000,0,0.00000000,0,0.00000000,0,0.00000000,0,0.00000000,0,0.00000000,0,0.00000000,0,0.00000000,0,0.00000000,0,0.00000000,0,0.00000000,0,0.00000000,0,0.00000000,0.19031530
12,89,0.14967721,107,0.02176881,0,0.00000000,3,0.00087914,0,0.00000000,0,0.00000000,0,0.00000000,5,0.00553691,12,0.00268101,276,0.00473529,0,0.00000000,0,0.00000000,0,0.00000000,276,0.00119412,0,0.00000000,0,0.00000000,276,0.00543629,0,0.00000000,0,0.00000000,0,0.00000000,0,0.00000000,0,0.00000000,0,0.00000000,0,0.00000000,0,0.00000000,0,0.00000000,0,0.00000000,0,0.00000000,0,0.00000000,0,0.00000000,0,0.00000000,0,0.00000000,0.19190878
45,89,0.14872456,107,0.02195674,0,0.00000000,3,0.00084650,0,0.00000000,0,0.00000000,0,0.00000000,5,0.00596603,12,0.00185479,276,0.00349021,0,0.00000000,0,0.00000000,0,0.00000000,276,0.00105742,0,0.00000000,0,0.00000000,276,0.00569976,0,0.00000000,0,0.00000000,0,0.00000000,0,0.00000000,0,0.00000000,0,0.00000000,0,0.00000000,0,0.00000000,0,0.00000000,0,0.00000000,0,0.00000000,0,0.00000000,0,0.00000000,0,0.00000000,0,0.00000000,0.18959602
55,89,0.15177003,107,0.02168112,0,0.00000000,3,0.00187434,0,0.00000000,0,0.00000000,0,0.00000000,5,0.00456561,12,0.00215820,276,0.00419099,0,0.00000000,0,0.00000000,0,0.00000000,276,0.00083416,0,0.00000000,0,0.00000000,276,0.00556271,0,0.00000000,0,0.00000000,0,0.00000000,0,0.00000000,0,0.00000000,0,0.00000000,0,0.00000000,0,0.00000000,0,0.00000000,0,0.00000000,0,0.00000000,0,0.00000000,0,0.00000000,0,0.00000000,0,0.00000000,0.19263717
23,89,0.14953468,107,0.02157171,0,0.00000000,3,0.00003034,0,0.00000000,0,0.00000000,0,0.00000000,5,0.00590023,12,0.00271716,276,0.00416162,0,0.00000000,0,0.00000000,0,0.00000000,276,0.00023204,0,0.00000000,0,0.00000000,276,0.00555459,0,0.00000000,0,0.00000000,0,0.00000000,0,0.00000000,0,0.00000000,0,0.00000000,0,0.00000000,0,0.00000000,0,0.00000000,0,0.00000000,0,0.00000000,0,0.00000000,0,0.00000000,0,0.00000000,0,0.00000000,0.18970239
39,89,0.14903624,107,0.02331007,0,0.00000000,3,0.00006484,0,0.00000000,0,0.00000000,0,0.00000000,5,0.00472920,12,0.00201991,276,0.00350809,0,0.00000000,0,0.00000000,0,0.00000000,276,0.00023282,0,0.00000000,0,0.00000000,276,0.00658481,0,0.00000000,0,0.00000000,0,0.00000000,0,0.00000000,0,0.00000000,0,0.00000000,0,0.00000000,0,0.00000000,0,0.00000000,0,0.00000000,0,0.00000000,0,0.00000000,0,0.00000000,0,0.00000000,0,0.00000000,0.18948599
6,89,0.14582528,107,0.02169368,0,0.00000000,3,0.00124414,0,0.00000000,0,0.00000000,0,0.00000000,5,0.00549729,12,0.00240263,276,0.00388496,0,0.00000000,0,0.00000000,0,0.00000000,276,0.00101478,0,0.00000000,0,0.00000000,276,0.00589457,0,0.00000000,0,0.00000000,0,0.00000000,0,0.00000000,0,0.00000000,0,0.00000000,0,0.00000000,0,0.00000000,0,0.00000000,0,0.00000000,0,0.00000000,0,0.00000000,0,0.00000000,0,0.00000000,0,0.00000000,0.18745733
63,89,0.14980933,107,0.02110207,0,0.00000000,3,0.00198416,0,0.00000000,0,0.00000000,0,0.00000000,5,0.00543951,12,0.00279353,276,0.00348570,0,0.00000000,0,0.00000000,0,0.00000000,276,0.00087888,0,0.00000000,0,0.00000000,276,0.00561447,0,0.00000000,0,0.00000000,0,0.00000000,0,0.00000000,0,0.00000000,0,0.00000000,0,0.00000000,0,0.00000000,0,0.00000000,0,0.00000000,0,0.00000000,0,0.00000000,0,0.00000000,0,0.00000000,0,0.00000000,0.19110766
48,89,0.14536411,107,0.02156547,0,0.00000000,3,0.00200662,0,0.00000000,0,0.00000000,0,0.00000000,5,0.00587901,12,0.00209814,276,0.00410434,0,0.00000000,0,0.00000000,0,0.00000000,276,0.00021602,0,0.00000000,0,0.00000000,276,0.00737947,0,0.00000000,0,0.00000000,0,0.00000000,0,0.00000000,0,0.00000000,0,0.00000000,0,0.00000000,0,0.00000000,0,0.00000000,0,0.00000000,0,0.00000000,0,0.00000000,0,0.00000000,0,0.00000000,0,0.00000000,0.18861319
35,89,0.15009525,107,0.02294489,0,0.00000000,3,0.00076668,0,0.00000000,0,0.00000000,0,0.00000000,5,0.00405465,12,0.00176799,276,0.00408415,0,0.00000000,0,0.00000000,0,0.00000000,276,0.00107442,0,0.00000000,0,0.00000000,276,0.00652608,0,0.00000000,0,0.00000000,0,0.00000000,0,0.00000000,0,0.00000000,0,0.00000000,0,0.00000000,0,0.00000000,0,0.00000000,0,0.00000000,0,0.00000000,0,0.00000000,0,0.00000000,0,0.00000000,0,0.00000000,0.19131412
57,89,0.14944032,107,0.02270186,0,0.00000000,3,0.00046382,0,0.00000000,0,0.00000000,0,0.00000000,5,0.00497639,12,0.00237977,276,0.00403213,0,0.00000000,0,0.00000000,0,0.00000000,276,0.00098376,0,0.00000000,0,0.00000000,276,0.00618083,0,0.00000000,0,0.00000000,0,0.00000000,0,0.00000000,0,0.00000000,0,0.00000000,0,0.00000000,0,0.00000000,0,0.00000000,0,0.00000000,0,0.00000000,0,0.00000000,0,0.00000000,0,0.00000000,0,0.00000000,0.19115888
16,89,0.14621800,107,0.02218108,0,0.00000000,3,0.00085078,0,0.00000000,0,0.00000000,0,0.00000000,5,0.00521794,12,0.00181219,276,0.00419768,0,0.00000000,0,0.00000000,0,0.00000000,276,0.00022012,0,0.00000000,0,0.00000000,276,0.00699239,0,0.00000000,0,0.00000000,0,0.00000000,0,0.00000000,0,0.00000000,0,0.00000000,0,0.00000000,0,0.00000000,0,0.00000000,0,0.00000000,0,0.00000000,0,0.00000000,0,0.00000000,0,0.00000000,0,0.00000000,0.18769019
26,89,0.13932985,107,0.02256183,0,0.00000000,3,0.00045112,0,0.00000000,0,0.00000000,0,0.00000000,5,0.00438790,12,0.00202246,276,0.00362164,0,0.00000000,0,0.00000000,0,0.00000000,276,0.00020630,0,0.00000000,0,0.00000000,276,0.00755113,0,0.00000000,0,0.00000000,0,0.00000000,0,0.00000000,0,0.00000000,0,0.00000000,0,0.00000000,0,0.00000000,0,0.00000000,0,0.00000000,0,0.00000000,0,0.00000000,0,0.00000000,0,0.00000000,0,0.00000000,0.18013225
40,89,0.14729125,107,0.02239583,0,0.00000000,3,0.00117530,0,0.00000000,0,0.00000000,0,0.00000000,5,0.00470414,12,0.00203891,276,0.00402136,0,0.00000000,0,0.00000000,0,0.00000000,276,0.00097901,0,0.00000000,0,0.00000000,276,0.00567153,0,0.00000000,0,0.00000000,0,0.00000000,0,0.00000000,0,0.00000000,0,0.00000000,0,0.00000000,0,0.00000000,0,0.00000000,0,0.00000000,0,0.00000000,0,0.00000000,0,0.00000000,0,0.00000000,0,0.00000000,0.18827732
8,89,0.14479181,107,0.02095176,0,0.00000000,3,0.00094182,0,0.00000000,0,0.00000000,0,0.00000000,5,0.00552308,12,0.00257039,276,0.00477604,0,0.00000000,0,0.00000000,0,0.00000000,276,0.00114438,0,0.00000000,0,0.00000000,276,0.00461882,0,0.00000000,0,0.00000000,0,0.00000000,0,0.00000000,0,0.00000000,0,0.00000000,0,0.00000000,0,0.00000000,0,0.00000000,0,0.00000000,0,0.00000000,0,0.00000000,0,0.00000000,0,0.00000000,0,0.00000000,0.18531811
0,89,0.03041305,107,0.01999359,0,0.00000000,3,0.00205933,0,0.00000000,0,0.00000000,0,0.00000000,5,0.00383063,12,0.00301993,276,0.00418575,0,0.00000000,0,0.00000000,0,0.00000000,276,0.00018244,0,0.00000000,0,0.00000000,276,0.00631286,0,0.00000000,0,0.00000000,0,0.00000000,0,0.00000000,0,0.00000000,0,0.00000000,0,0.00000000,0,0.00000000,0,0.00000000,0,0.00000000,0,0.00000000,0,0.00000000,0,0.00000000,0,0.00000000,0,0.00000000,0.06999756
28,89,0.14989672,107,0.02174548,0,0.00000000,3,0.00082038,0,0.00000000,0,0.00000000,0,0.00000000,5,0.00348166,12,0.00205415,276,0.00442098,0,0.00000000,0,0.00000000,0,0.00000000,276,0.00089649,0,0.00000000,0,0.00000000,276,0.00560842,0,0.00000000,0,0.00000000,0,0.00000000,0,0.00000000,0,0.00000000,0,0.00000000,0,0.00000000,0,0.00000000,0,0.00000000,0,0.00000000,0,0.00000000,0,0.00000000,0,0.00000000,0,0.00000000,0,0.00000000,0.18892427
13,89,0.14986591,107,0.02293753,0,0.00000000,3,0.00085062,0,0.00000000,0,0.00000000,0,0.00000000,5,0.00534133,12,0.00273005,276,0.00385913,0,0.00000000,0,0.00000000,0,0.00000000,276,0.00114612,0,0.00000000,0,0.00000000,276,0.00485925,0,0.00000000,0,0.00000000,0,0.00000000,0,0.00000000,0,0.00000000,0,0.00000000,0,0.00000000,0,0.00000000,0,0.00000000,0,0.00000000,0,0.00000000,0,0.00000000,0,0.00000000,0,0.00000000,0,0.00000000,0.19158994
44,89,0.14878543,107,0.02187346,0,0.00000000,3,0.00100056,0,0.00000000,0,0.00000000,0,0.00000000,5,0.00559306,12,0.00177937,276,0.00408576,0,0.00000000,0,0.00000000,0,0.00000000,276,0.00105676,0,0.00000000,0,0.00000000,276,0.00610555,0,0.00000000,0,0.00000000,0,0.00000000,0,0.00000000,0,0.00000000,0,0.00000000,0,0.00000000,0,0.00000000,0,0.00000000,0,0.00000000,0,0.00000000,0,0.00000000,0,0.00000000,0,0.00000000,0,0.00000000,0.19027994
53,89,0.15015598,107,0.02064362,0,0.00000000,3,0.00187318,0,0.00000000,0,0.00000000,0,0.00000000,5,0.00465685,12,0.00208530,276,0.00442513,0,0.00000000,0,0.00000000,0,0.00000000,276,0.00087058,0,0.00000000,0,0.00000000,276,0.00541819,0,0.00000000,0,0.00000000,0,0.00000000,0,0.00000000,0,0.00000000,0,0.00000000,0,0.00000000,0,0.00000000,0,0.00000000,0,0.00000000,0,0.00000000,0,0.00000000,0,0.00000000,0,0.00000000,0,0.00000000,0.19012884
20,89,0.14715692,107,0.02172817,0,0.00000000,3,0.00006404,0,0.00000000,0,0.00000000,0,0.00000000,5,0.00611357,12,0.00264552,276,0.00467931,0,0.00000000,0,0.00000000,0,0.00000000,276,0.00027408,0,0.00000000,0,0.00000000,276,0.00565611,0,0.00000000,0,0.00000000,0,0.00000000,0,0.00000000,0,0.00000000,0,0.00000000,0,0.00000000,0,0.00000000,0,0.00000000,0,0.00000000,0,0.00000000,0,0.00000000,0,0.00000000,0,0.00000000,0,0.00000000,0.18831773
36,89,0.14869694,107,0.02432251,0,0.00000000,3,0.00010378,0,0.00000000,0,0.00000000,0,0.00000000,5,0.00500796,12,0.00196571,276,0.00369393,0,0.00000000,0,0.00000000,0,0.00000000,276,0.00020132,0,0.00000000,0,0.00000000,276,0.00677597,0,0.00000000,0,0.00000000,0,0.00000000,0,0.00000000,0,0.00000000,0,0.00000000,0,0.00000000,0,0.00000000,0,0.00000000,0,0.00000000,0,0.00000000,0,0.00000000,0,0.00000000,0,0.00000000,0,0.00000000,0.19076812
7,89,0.14792166,107,0.02179792,0,0.00000000,3,0.00122210,0,0.00000000,0,0.00000000,0,0.00000000,5,0.00472345,12,0.00229189,276,0.00389391,0,0.00000000,0,0.00000000,0,0.00000000,276,0.00095718,0,0.00000000,0,0.00000000,276,0.00551087,0,0.00000000,0,0.00000000,0,0.00000000,0,0.00000000,0,0.00000000,0,0.00000000,0,0.00000000,0,0.00000000,0,0.00000000,0,0.00000000,0,0.00000000,0,0.00000000,0,0.00000000,0,0.00000000,0,0.00000000,0.18831899
60,89,0.15064621,107,0.02126936,0,0.00000000,3,0.00202040,0,0.00000000,0,0.00000000,0,0.00000000,5,0.00562011,12,0.00274100,276,0.00390706,0,0.00000000,0,0.00000000,0,0.00000000,276,0.00093202,0,0.00000000,0,0.00000000,276,0.00605169,0,0.00000000,0,0.00000000,0,0.00000000,0,0.00000000,0,0.00000000,0,0.00000000,0,0.00000000,0,0.00000000,0,0.00000000,0,0.00000000,0,0.00000000,0,0.00000000,0,0.00000000,0,0.00000000,0,0.00000000,0.19318786
49,89,0.14582307,107,0.02309645,0,0.00000000,3,0.00006496,0,0.00000000,0,0.00000000,0,0.00000000,5,0.00516907,12,0.00209034,276,0.00390713,0,0.00000000,0,0.00000000,0,0.00000000,276,0.00017108,0,0.00000000,0,0.00000000,276,0.00711501,0,0.00000000,0,0.00000000,0,0.00000000,0,0.00000000,0,0.00000000,0,0.00000000,0,0.00000000,0,0.00000000,0,0.00000000,0,0.00000000,0,0.00000000,0,0.00000000,0,0.00000000,0,0.00000000,0,0.00000000,0.18743711
32,89,0.13350461,107,0.02162496,0,0.00000000,3,0.00205781,0,0.00000000,0,0.00000000,0,0.00000000,5,0.00419920,12,0.00172545,276,0.00390847,0,0.00000000,0,0.00000000,0,0.00000000,276,0.00107416,0,0.00000000,0,0.00000000,276,0.00653844,0,0.00000000,0,0.00000000,0,0.00000000,0,0.00000000,0,0.00000000,0,0.00000000,0,0.00000000,0,0.00000000,0,0.00000000,0,0.00000000,0,0.00000000,0,0.00000000,0,0.00000000,0,0.00000000,0,0.00000000,0.17463310
58,89,0.14944020,107,0.02262682,0,0.00000000,3,0.00047328,0,0.00000000,0,0.00000000,0,0.00000000,5,0.00475011,12,0.00240524,276,0.00335519,0,0.00000000,0,0.00000000,0,0.00000000,276,0.00106308,0,0.00000000,0,0.00000000,276,0.00626213,0,0.00000000,0,0.00000000,0,0.00000000,0,0.00000000,0,0.00000000,0,0.00000000,0,0.00000000,0,0.00000000,0,0.00000000,0,0.00000000,0,0.00000000,0,0.00000000,0,0.00000000,0,0.00000000,0,0.00000000,0.19037606
18,89,0.14603136,107,0.02293530,0,0.00000000,3,0.00008638,0,0.00000000,0,0.00000000,0,0.00000000,5,0.00542278,12,0.00178725,276,0.00349694,0,0.00000000,0,0.00000000,0,0.00000000,276,0.00024592,0,0.00000000,0,0.00000000,276,0.00705335,0,0.00000000,0,0.00000000,0,0.00000000,0,0.00000000,0,0.00000000,0,0.00000000,0,0.00000000,0,0.00000000,0,0.00000000,0,0.00000000,0,0.00000000,0,0.00000000,0,0.00000000,0,0.00000000,0,0.00000000,0.18705929
24,89,0.14677022,107,0.02326325,0,0.00000000,3,0.00075930,0,0.00000000,0,0.00000000,0,0.00000000,5,0.00351160,12,0.00199888,276,0.00365610,0,0.00000000,0,0.00000000,0,0.00000000,276,0.00020106,0,0.00000000,0,0.00000000,276,0.00722517,0,0.00000000,0,0.00000000,0,0.00000000,0,0.00000000,0,0.00000000,0,0.00000000,0,0.00000000,0,0.00000000,0,0.00000000,0,0.00000000,0,0.00000000,0,0.00000000,0,0.00000000,0,0.00000000,0,0.00000000,0.18738559
41,89,0.14900641,107,0.02362763,0,0.00000000,3,0.00110538,0,0.00000000,0,0.00000000,0,0.00000000,5,0.00475248,12,0.00197847,276,0.00381357,0,0.00000000,0,0.00000000,0,0.00000000,276,0.00096394,0,0.00000000,0,0.00000000,276,0.00535348,0,0.00000000,0,0.00000000,0,0.00000000,0,0.00000000,0,0.00000000,0,0.00000000,0,0.00000000,0,0.00000000,0,0.00000000,0,0.00000000,0,0.00000000,0,0.00000000,0,0.00000000,0,0.00000000,0,0.00000000,0.19060137
10,89,0.14484477,107,0.02180118,0,0.00000000,3,0.00008100,0,0.00000000,0,0.00000000,0,0.00000000,5,0.00610314,12,0.00258829,276,0.00355905,0,0.00000000,0,0.00000000,0,0.00000000,276,0.00126446,0,0.00000000,0,0.00000000,276,0.00614776,0,0.00000000,0,0.00000000,0,0.00000000,0,0.00000000,0,0.00000000,0,0.00000000,0,0.00000000,0,0.00000000,0,0.00000000,0,0.00000000,0,0.00000000,0,0.00000000,0,0.00000000,0,0.00000000,0,0.00000000,0.18638967
3,89,0.14691519,107,0.02370386,0,0.00000000,3,0.00003630,0,0.00000000,0,0.00000000,0,0.00000000,5,0.00511579,12,0.00316531,276,0.00387549,0,0.00000000,0,0.00000000,0,0.00000000,276,0.00019798,0,0.00000000,0,0.00000000,276,0.00615470,0,0.00000000,0,0.00000000,0,0.00000000,0,0.00000000,0,0.00000000,0,0.00000000,0,0.00000000,0,0.00000000,0,0.00000000,0,0.00000000,0,0.00000000,0,0.00000000,0,0.00000000,0,0.00000000,0,0.00000000,0.18916461
29,89,0.15128316,107,0.02309329,0,0.00000000,3,0.00076422,0,0.00000000,0,0.00000000,0,0.00000000,5,0.00319751,12,0.00209295,276,0.00393296,0,0.00000000,0,0.00000000,0,0.00000000,276,0.00088592,0,0.00000000,0,0.00000000,276,0.00577479,0,0.00000000,0,0.00000000,0,0.00000000,0,0.00000000,0,0.00000000,0,0.00000000,0,0.00000000,0,0.00000000,0,0.00000000,0,0.00000000,0,0.00000000,0,0.00000000,0,0.00000000,0,0.00000000,0,0.00000000,0.19102481
15,89,0.15010515,107,0.02357048,0,0.00000000,3,0.00085106,0,0.00000000,0,0.00000000,0,0.00000000,5,0.00536563,12,0.00277189,276,0.00404071,0,0.00000000,0,0.00000000,0,0.00000000,276,0.00112448,0,0.00000000,0,0.00000000,276,0.00502869,0,0.00000000,0,0.00000000,0,0.00000000,0,0.00000000,0,0.00000000,0,0.00000000,0,0.00000000,0,0.00000000,0,0.00000000,0,0.00000000,0,0.00000000,0,0.00000000,0,0.00000000,0,0.00000000,0,0.00000000,0.19285809
46,89,0.14882308,107,0.02281634,0,0.00000000,3,0.00089682,0,0.00000000,0,0.00000000,0,0.00000000,5,0.00613239,12,0.00178083,276,0.00390356,0,0.00000000,0,0.00000000,0,0.00000000,276,0.00107116,0,0.00000000,0,0.00000000,276,0.00599137,0,0.00000000,0,0.00000000,0,0.00000000,0,0.00000000,0,0.00000000,0,0.00000000,0,0.00000000,0,0.00000000,0,0.00000000,0,0.00000000,0,0.00000000,0,0.00000000,0,0.00000000,0,0.00000000,0,0.00000000,0.19141556
54,89,0.15008640,107,0.02047004,0,0.00000000,3,0.00189682,0,0.00000000,0,0.00000000,0,0.00000000,5,0.00482037,12,0.00215000,276,0.00435003,0,0.00000000,0,0.00000000,0,0.00000000,276,0.00086028,0,0.00000000,0,0.00000000,276,0.00591311,0,0.00000000,0,0.00000000,0,0.00000000,0,0.00000000,0,0.00000000,0,0.00000000,0,0.00000000,0,0.00000000,0,0.00000000,0,0.00000000,0,0.00000000,0,0.00000000,0,0.00000000,0,0.00000000,0,0.00000000,0.19054706
22,89,0.14757856,107,0.02118757,0,0.00000000,3,0.00004140,0,0.00000000,0,0.00000000,0,0.00000000,5,0.00592651,12,0.00265531,276,0.00492000,0,0.00000000,0,0.00000000,0,0.00000000,276,0.00027114,0,0.00000000,0,0.00000000,276,0.00568895,0,0.00000000,0,0.00000000,0,0.00000000,0,0.00000000,0,0.00000000,0,0.00000000,0,0.00000000,0,0.00000000,0,0.00000000,0,0.00000000,0,0.00000000,0,0.00000000,0,0.00000000,0,0.00000000,0,0.00000000,0.18826944
37,89,0.14856826,107,0.02374929,0,0.00000000,3,0.00002718,0,0.00000000,0,0.00000000,0,0.00000000,5,0.00480270,12,0.00200587,276,0.00381598,0,0.00000000,0,0.00000000,0,0.00000000,276,0.00023150,0,0.00000000,0,0.00000000,276,0.00657911,0,0.00000000,0,0.00000000,0,0.00000000,0,0.00000000,0,0.00000000,0,0.00000000,0,0.00000000,0,0.00000000,0,0.00000000,0,0.00000000,0,0.00000000,0,0.00000000,0,0.00000000,0,0.00000000,0,0.00000000,0.18977989
